{"stats":{"minecraft:picked_up":{"minecraft:lingering_potion":1,"minecraft:iron_chestplate":2,"minecraft:allium":2,"minecraft:wheat":16,"minecraft:splash_potion":2,"minecraft:ominous_bottle":1,"minecraft:chicken":3,"minecraft:wooden_pickaxe":1,"minecraft:potion":2,"minecraft:shield":1,"minecraft:brick":70,"minecraft:wind_charge":8,"minecraft:amethyst_block":4,"minecraft:string":36,"minecraft:raw_copper":108,"minecraft:cobbled_deepslate":217,"minecraft:trial_key":5,"minecraft:white_tulip":9,"minecraft:rose_bush":34,"minecraft:light_gray_wool":7,"minecraft:chest":1,"minecraft:waxed_oxidized_copper":62,"minecraft:iron_boots":1,"minecraft:furnace":21,"minecraft:tipped_arrow":12,"minecraft:raw_iron":78,"minecraft:torch":6,"minecraft:fire_charge":10,"minecraft:porkchop":22,"minecraft:cherry_log":8,"minecraft:waxed_weathered_copper_bulb":1,"minecraft:waxed_copper_grate":44,"minecraft:diorite":50,"minecraft:waxed_oxidized_chiseled_copper":1,"minecraft:honey_bottle":4,"minecraft:arrow":97,"minecraft:rotten_flesh":20,"minecraft:decorated_pot":1,"minecraft:red_tulip":30,"minecraft:pink_tulip":42,"minecraft:tuff_bricks":42,"minecraft:mutton":14,"minecraft:white_wool":6,"minecraft:cobblestone":552,"minecraft:cooked_beef":3,"minecraft:feather":1,"minecraft:lilac":28,"minecraft:andesite":3,"minecraft:red_mushroom":2,"minecraft:flint":3,"minecraft:waxed_copper_bulb":3,"minecraft:oak_log":21,"minecraft:waxed_copper_block":85,"minecraft:yellow_bed":2,"minecraft:lapis_lazuli":4,"minecraft:dirt":34,"minecraft:cooked_mutton":1,"minecraft:bone":38,"minecraft:apple":1,"minecraft:bow":2,"minecraft:wheat_seeds":37,"minecraft:orange_tulip":99,"minecraft:iron_ingot":70,"minecraft:cooked_chicken":7,"minecraft:oak_planks":17,"minecraft:scrape_pottery_sherd":1,"minecraft:cooked_porkchop":4,"minecraft:waxed_exposed_copper_bulb":3,"minecraft:dandelion":2,"minecraft:gravel":49,"minecraft:waxed_chiseled_copper":3,"minecraft:barrel":2,"minecraft:lily_of_the_valley":28,"minecraft:polished_tuff":1,"minecraft:spider_eye":5,"minecraft:mossy_cobblestone":2,"minecraft:diamond":35,"minecraft:stone_axe":2,"minecraft:granite":13,"minecraft:crossbow":2,"minecraft:breeze_rod":7,"minecraft:gray_wool":1,"minecraft:emerald":36,"minecraft:bread":21,"minecraft:baked_potato":12,"minecraft:bricks":4,"minecraft:oak_sapling":4,"minecraft:black_wool":2,"minecraft:coal":44},"minecraft:broken":{"minecraft:stone_pickaxe":4},"minecraft:killed_by":{"minecraft:skeleton":1},"minecraft:custom":{"minecraft:interact_with_smithing_table":2,"minecraft:mob_kills":101,"minecraft:interact_with_crafting_table":26,"minecraft:open_barrel":10,"minecraft:eat_cake_slice":4,"minecraft:leave_game":1,"minecraft:time_since_death":178485,"minecraft:climb_one_cm":13322,"minecraft:sprint_one_cm":331748,"minecraft:walk_one_cm":722440,"minecraft:damage_blocked_by_shield":225,"minecraft:drop":157,"minecraft:talked_to_villager":1,"minecraft:play_time":184559,"minecraft:deaths":1,"minecraft:sneak_time":3769,"minecraft:walk_under_water_one_cm":72820,"minecraft:jump":2175,"minecraft:walk_on_water_one_cm":17432,"minecraft:total_world_time":184559,"minecraft:interact_with_furnace":41,"minecraft:sleep_in_bed":7,"minecraft:time_since_rest":24212,"minecraft:damage_taken":2684,"minecraft:damage_dealt":14863,"minecraft:swim_one_cm":28343,"minecraft:fly_one_cm":263115,"minecraft:open_chest":22,"minecraft:crouch_one_cm":3724,"minecraft:fall_one_cm":59638,"minecraft:inspect_dispenser":31},"minecraft:killed":{"minecraft:cave_spider":20,"minecraft:skeleton":2,"minecraft:chicken":3,"minecraft:pig":10,"minecraft:sheep":11,"minecraft:zombie":23,"minecraft:stray":23,"minecraft:breeze":5},"minecraft:used":{"minecraft:stone_sword":134,"minecraft:white_tulip":2,"minecraft:chest":4,"minecraft:shield":8,"minecraft:cooked_chicken":7,"minecraft:trial_key":2,"minecraft:torch":21,"minecraft:dirt":9,"minecraft:waxed_copper_grate":14,"minecraft:red_tulip":11,"minecraft:iron_axe":10,"minecraft:waxed_exposed_copper_bulb":1,"minecraft:bow":9,"minecraft:furnace":9,"minecraft:cooked_beef":2,"minecraft:cobbled_deepslate":77,"minecraft:wheat_seeds":19,"minecraft:cooked_mutton":4,"minecraft:water_bucket":23,"minecraft:amethyst_block":4,"minecraft:pink_tulip":9,"minecraft:waxed_weathered_copper_bulb":1,"minecraft:oak_planks":1,"minecraft:baked_potato":7,"minecraft:stone_pickaxe":642,"minecraft:orange_tulip":22,"minecraft:wooden_pickaxe":15,"minecraft:waxed_copper_block":43,"minecraft:crafting_table":4,"minecraft:crossbow":2,"minecraft:white_bed":1,"minecraft:lingering_potion":4,"minecraft:cake":1,"minecraft:oak_log":2,"minecraft:waxed_chiseled_copper":1,"minecraft:diamond_pickaxe":512,"minecraft:apple":1,"minecraft:wind_charge":2,"minecraft:bread":7,"minecraft:iron_pickaxe":172,"minecraft:potion":1,"minecraft:diamond_sword":334,"minecraft:cobblestone":94,"minecraft:cooked_porkchop":8,"minecraft:bucket":23,"minecraft:yellow_bed":2},"minecraft:crafted":{"minecraft:cherry_planks":32,"minecraft:oak_planks":68,"minecraft:furnace":12,"minecraft:cooked_mutton":4,"minecraft:iron_boots":1,"minecraft:iron_axe":1,"minecraft:stone_pickaxe":5,"minecraft:chest":5,"minecraft:diamond_sword":1,"minecraft:cooked_porkchop":7,"minecraft:crafting_table":4,"minecraft:wooden_pickaxe":2,"minecraft:iron_helmet":1,"minecraft:bread":2,"minecraft:air":0,"minecraft:diamond_pickaxe":1,"minecraft:stick":32,"minecraft:iron_ingot":66,"minecraft:iron_pickaxe":1,"minecraft:stone_sword":1,"minecraft:iron_leggings":1,"minecraft:white_bed":1,"minecraft:torch":16,"minecraft:diamond_chestplate":1},"minecraft:mined":{"minecraft:diamond_ore":2,"minecraft:tuff":9,"minecraft:mossy_cobblestone":2,"minecraft:deepslate_diamond_ore":31,"minecraft:cherry_log":9,"minecraft:waxed_oxidized_chiseled_copper":1,"minecraft:granite":19,"minecraft:budding_amethyst":1,"minecraft:grass_block":9,"minecraft:decorated_pot":36,"minecraft:chiseled_tuff_bricks":5,"minecraft:red_mushroom":1,"minecraft:tuff_bricks":44,"minecraft:furnace":8,"minecraft:barrel":2,"minecraft:waxed_copper_grate":28,"minecraft:iron_ore":63,"minecraft:polished_tuff":1,"minecraft:andesite":6,"minecraft:red_tulip":19,"minecraft:deepslate_iron_ore":9,"minecraft:pink_tulip":27,"minecraft:waxed_weathered_copper_bulb":1,"minecraft:stone":432,"minecraft:white_tulip":2,"minecraft:waxed_exposed_copper_bulb":2,"minecraft:lily_of_the_valley":16,"minecraft:medium_amethyst_bud":1,"minecraft:torch":1,"minecraft:short_grass":22,"minecraft:calcite":2,"minecraft:chest":1,"minecraft:rose_bush":19,"minecraft:tall_grass":1,"minecraft:copper_ore":13,"minecraft:cobblestone":27,"minecraft:lapis_ore":1,"minecraft:oak_planks":2,"minecraft:waxed_chiseled_copper":2,"minecraft:diorite":50,"minecraft:wall_torch":3,"minecraft:amethyst_block":4,"minecraft:deepslate_copper_ore":3,"minecraft:waxed_copper_bulb":3,"minecraft:wheat":13,"minecraft:lilac":30,"minecraft:waxed_copper_block":86,"minecraft:orange_tulip":39,"minecraft:yellow_bed":3,"minecraft:oak_log":21,"minecraft:coal_ore":35,"minecraft:waxed_oxidized_copper":31,"minecraft:gravel":29,"minecraft:dirt":28,"minecraft:smooth_basalt":1,"minecraft:oak_leaves":2,"minecraft:deepslate":367},"minecraft:dropped":{"minecraft:water_bucket":1,"minecraft:bread":12,"minecraft:iron_ingot":112,"minecraft:ominous_bottle":1,"minecraft:porkchop":5,"minecraft:wheat_seeds":18,"minecraft:lapis_lazuli":4,"minecraft:mossy_cobblestone":2,"minecraft:glass_bottle":1,"minecraft:diamond":10,"minecraft:decorated_pot":1,"minecraft:cooked_porkchop":3,"minecraft:feather":1,"minecraft:orange_tulip":32,"minecraft:crossbow":1,"minecraft:cobblestone":210,"minecraft:waxed_copper_grate":14,"minecraft:polished_tuff":1,"minecraft:red_mushroom":1,"minecraft:stick":5,"minecraft:flint":2,"minecraft:diorite":10,"minecraft:torch":1,"minecraft:mutton":2,"minecraft:scrape_pottery_sherd":1,"minecraft:rose_bush":17,"minecraft:waxed_oxidized_copper":31,"minecraft:fire_charge":10,"minecraft:potion":1,"minecraft:string":17,"minecraft:white_wool":2,"minecraft:dandelion":1,"minecraft:bone":18,"minecraft:pink_tulip":24,"minecraft:furnace":12,"minecraft:white_tulip":4,"minecraft:stone_axe":2,"minecraft:tuff_bricks":4,"minecraft:cobbled_deepslate":75,"minecraft:stone_sword":1,"minecraft:raw_copper":54,"minecraft:wheat":10,"minecraft:chicken":3,"minecraft:rotten_flesh":20,"minecraft:light_gray_wool":3,"minecraft:oak_planks":15,"minecraft:iron_boots":1,"minecraft:cooked_mutton":1,"minecraft:honey_bottle":2,"minecraft:lily_of_the_valley":14,"minecraft:wind_charge":4,"minecraft:tipped_arrow":1,"minecraft:trial_key":3,"minecraft:allium":2,"minecraft:iron_chestplate":1,"minecraft:andesite":3,"minecraft:lingering_potion":3,"minecraft:breeze_rod":4,"minecraft:waxed_chiseled_copper":1,"minecraft:arrow":31,"minecraft:stone_pickaxe":1,"minecraft:bow":2,"minecraft:waxed_exposed_copper_bulb":2,"minecraft:wooden_pickaxe":2,"minecraft:splash_potion":2,"minecraft:black_wool":1,"minecraft:brick":2}},"DataVersion":3953}