{"stats":{"minecraft:used":{"minecraft:stone_sword":134,"minecraft:white_tulip":2,"minecraft:chest":6,"minecraft:shield":35,"minecraft:cooked_chicken":7,"minecraft:trial_key":2,"minecraft:torch":21,"minecraft:dirt":31,"minecraft:waxed_copper_grate":14,"minecraft:tuff":67,"minecraft:red_tulip":11,"minecraft:iron_axe":22,"minecraft:waxed_exposed_copper_bulb":1,"minecraft:golden_carrot":3,"minecraft:bow":14,"minecraft:furnace":11,"minecraft:cooked_beef":6,"minecraft:cobbled_deepslate":111,"minecraft:wheat_seeds":55,"minecraft:cooked_mutton":14,"minecraft:water_bucket":29,"minecraft:amethyst_block":4,"minecraft:pink_tulip":9,"minecraft:waxed_weathered_copper_bulb":1,"minecraft:oak_planks":1,"minecraft:baked_potato":12,"minecraft:stone_pickaxe":666,"minecraft:orange_tulip":22,"minecraft:wooden_pickaxe":15,"minecraft:diamond_axe":152,"minecraft:waxed_copper_block":43,"minecraft:oak_slab":2,"minecraft:crafting_table":5,"minecraft:crossbow":2,"minecraft:white_bed":1,"minecraft:lingering_potion":4,"minecraft:cake":1,"minecraft:oak_log":2,"minecraft:waxed_chiseled_copper":1,"minecraft:wooden_hoe":2,"minecraft:diamond_pickaxe":1143,"minecraft:apple":1,"minecraft:ominous_trial_key":1,"minecraft:mace":2,"minecraft:wind_charge":2,"minecraft:bread":8,"minecraft:iron_pickaxe":172,"minecraft:diamond_sword":548,"minecraft:potion":1,"minecraft:cobblestone":107,"minecraft:porkchop":2,"minecraft:cooked_porkchop":14,"minecraft:andesite":2,"minecraft:bucket":29,"minecraft:diamond_leggings":1,"minecraft:yellow_bed":2,"minecraft:oak_trapdoor":27},"minecraft:killed_by":{"minecraft:player":1,"minecraft:stray":1,"minecraft:skeleton":2},"minecraft:killed":{"minecraft:cave_spider":44,"minecraft:skeleton":4,"minecraft:chicken":3,"minecraft:pig":12,"minecraft:zombie_villager":1,"minecraft:sheep":12,"minecraft:zombie":30,"minecraft:stray":37,"minecraft:breeze":6,"minecraft:cow":2},"minecraft:mined":{"minecraft:diamond_ore":2,"minecraft:tuff":83,"minecraft:mossy_cobblestone":2,"minecraft:deepslate_diamond_ore":133,"minecraft:cherry_log":19,"minecraft:waxed_oxidized_chiseled_copper":1,"minecraft:granite":19,"minecraft:budding_amethyst":1,"minecraft:grass_block":26,"minecraft:decorated_pot":40,"minecraft:chiseled_tuff_bricks":5,"minecraft:red_mushroom":2,"minecraft:tuff_bricks":45,"minecraft:furnace":8,"minecraft:cobbled_deepslate":4,"minecraft:waxed_copper_grate":29,"minecraft:iron_ore":63,"minecraft:barrel":2,"minecraft:polished_tuff":1,"minecraft:andesite":21,"minecraft:red_tulip":19,"minecraft:deepslate_iron_ore":9,"minecraft:pink_tulip":27,"minecraft:waxed_weathered_copper_bulb":1,"minecraft:stone":497,"minecraft:white_tulip":2,"minecraft:oak_slab":2,"minecraft:waxed_exposed_copper_bulb":2,"minecraft:lily_of_the_valley":16,"minecraft:medium_amethyst_bud":1,"minecraft:torch":2,"minecraft:short_grass":27,"minecraft:calcite":2,"minecraft:chest":1,"minecraft:rose_bush":19,"minecraft:copper_ore":13,"minecraft:tall_grass":1,"minecraft:cobblestone":32,"minecraft:lapis_ore":1,"minecraft:oak_planks":2,"minecraft:waxed_chiseled_copper":2,"minecraft:diorite":50,"minecraft:wall_torch":3,"minecraft:amethyst_block":4,"minecraft:deepslate_copper_ore":3,"minecraft:waxed_copper_bulb":3,"minecraft:birch_log":6,"minecraft:wheat":85,"minecraft:lilac":30,"minecraft:waxed_copper_block":86,"minecraft:orange_tulip":39,"minecraft:yellow_bed":4,"minecraft:oak_log":154,"minecraft:coal_ore":61,"minecraft:waxed_oxidized_copper":31,"minecraft:gravel":35,"minecraft:dirt":49,"minecraft:smooth_basalt":1,"minecraft:oak_leaves":11,"minecraft:deepslate":714},"minecraft:picked_up":{"minecraft:lingering_potion":4,"minecraft:iron_chestplate":3,"minecraft:allium":2,"minecraft:wheat":63,"minecraft:ominous_bottle":1,"minecraft:splash_potion":2,"minecraft:chicken":4,"minecraft:diamond_sword":4,"minecraft:wooden_pickaxe":1,"minecraft:potion":4,"minecraft:brick":86,"minecraft:shield":5,"minecraft:amethyst_block":4,"minecraft:wind_charge":16,"minecraft:string":71,"minecraft:raw_copper":108,"minecraft:iron_axe":2,"minecraft:iron_leggings":2,"minecraft:diamond_leggings":2,"minecraft:cobbled_deepslate":1077,"minecraft:beef":3,"minecraft:white_tulip":9,"minecraft:trial_key":6,"minecraft:rose_bush":34,"minecraft:light_gray_wool":7,"minecraft:chest":1,"minecraft:waxed_oxidized_copper":62,"minecraft:iron_boots":1,"minecraft:furnace":21,"minecraft:tipped_arrow":26,"minecraft:stick":3,"minecraft:raw_iron":78,"minecraft:torch":8,"minecraft:fire_charge":10,"minecraft:porkchop":30,"minecraft:mace":1,"minecraft:cherry_log":18,"minecraft:waxed_weathered_copper_bulb":1,"minecraft:waxed_copper_grate":45,"minecraft:diorite":50,"minecraft:waxed_oxidized_chiseled_copper":1,"minecraft:rotten_flesh":53,"minecraft:arrow":266,"minecraft:honey_bottle":4,"minecraft:diamond_chestplate":4,"minecraft:decorated_pot":1,"minecraft:diamond_boots":2,"minecraft:iron_block":1,"minecraft:red_tulip":30,"minecraft:pink_tulip":42,"minecraft:tuff_bricks":82,"minecraft:mutton":18,"minecraft:white_wool":10,"minecraft:cobblestone":759,"minecraft:birch_log":6,"minecraft:cooked_beef":8,"minecraft:feather":2,"minecraft:lilac":28,"minecraft:golden_carrot":3,"minecraft:cherry_planks":38,"minecraft:water_bucket":2,"minecraft:andesite":18,"minecraft:leather":6,"minecraft:red_mushroom":13,"minecraft:flint":3,"minecraft:waxed_copper_bulb":3,"minecraft:tuff":74,"minecraft:oak_log":153,"minecraft:waxed_copper_block":85,"minecraft:yellow_bed":3,"minecraft:lapis_lazuli":4,"minecraft:dirt":90,"minecraft:cooked_mutton":3,"minecraft:bone":63,"minecraft:apple":3,"minecraft:bow":2,"minecraft:orange_tulip":99,"minecraft:wheat_seeds":191,"minecraft:iron_ingot":70,"minecraft:stone_pickaxe":3,"minecraft:cooked_chicken":7,"minecraft:glass_bottle":9,"minecraft:oak_planks":17,"minecraft:scrape_pottery_sherd":1,"minecraft:oak_slab":2,"minecraft:emerald_block":2,"minecraft:cooked_porkchop":6,"minecraft:birch_boat":2,"minecraft:waxed_exposed_copper_bulb":3,"minecraft:dandelion":2,"minecraft:waxed_chiseled_copper":3,"minecraft:gravel":55,"minecraft:lily_of_the_valley":28,"minecraft:barrel":2,"minecraft:spider_eye":33,"minecraft:polished_tuff":1,"minecraft:mossy_cobblestone":2,"minecraft:diamond":326,"minecraft:stone_axe":2,"minecraft:granite":13,"minecraft:crossbow":2,"minecraft:breeze_rod":13,"minecraft:gray_wool":1,"minecraft:bread":21,"minecraft:emerald":36,"minecraft:music_disc_precipice":2,"minecraft:baked_potato":20,"minecraft:oak_sapling":8,"minecraft:coal":70,"minecraft:black_wool":2,"minecraft:ominous_trial_key":2,"minecraft:bricks":8,"minecraft:diamond_pickaxe":1},"minecraft:custom":{"minecraft:interact_with_smithing_table":2,"minecraft:mob_kills":155,"minecraft:interact_with_crafting_table":38,"minecraft:open_barrel":10,"minecraft:eat_cake_slice":4,"minecraft:leave_game":4,"minecraft:time_since_death":23512,"minecraft:climb_one_cm":18562,"minecraft:sprint_one_cm":668607,"minecraft:walk_one_cm":1136501,"minecraft:damage_blocked_by_shield":1349,"minecraft:drop":163,"minecraft:talked_to_villager":4,"minecraft:play_time":331554,"minecraft:deaths":6,"minecraft:sneak_time":7140,"minecraft:walk_under_water_one_cm":114574,"minecraft:jump":4319,"minecraft:walk_on_water_one_cm":44776,"minecraft:total_world_time":331554,"minecraft:interact_with_furnace":67,"minecraft:sleep_in_bed":10,"minecraft:time_since_rest":23536,"minecraft:damage_taken":5707,"minecraft:damage_dealt":23417,"minecraft:swim_one_cm":68099,"minecraft:fly_one_cm":591667,"minecraft:open_chest":71,"minecraft:crouch_one_cm":13142,"minecraft:interact_with_smoker":2,"minecraft:fall_one_cm":122308,"minecraft:inspect_dispenser":57},"minecraft:dropped":{"minecraft:bread":15,"minecraft:water_bucket":1,"minecraft:iron_ingot":112,"minecraft:porkchop":5,"minecraft:wheat_seeds":18,"minecraft:ominous_bottle":1,"minecraft:lapis_lazuli":4,"minecraft:cooked_beef":1,"minecraft:mossy_cobblestone":2,"minecraft:glass_bottle":1,"minecraft:diamond":10,"minecraft:decorated_pot":1,"minecraft:cooked_porkchop":3,"minecraft:feather":1,"minecraft:orange_tulip":32,"minecraft:crossbow":1,"minecraft:cobblestone":210,"minecraft:waxed_copper_grate":14,"minecraft:polished_tuff":1,"minecraft:red_mushroom":1,"minecraft:stick":5,"minecraft:flint":2,"minecraft:mace":1,"minecraft:diorite":10,"minecraft:torch":1,"minecraft:scrape_pottery_sherd":1,"minecraft:mutton":2,"minecraft:rose_bush":17,"minecraft:waxed_oxidized_copper":31,"minecraft:fire_charge":10,"minecraft:potion":3,"minecraft:string":17,"minecraft:white_wool":2,"minecraft:dandelion":1,"minecraft:bone":18,"minecraft:pink_tulip":24,"minecraft:tuff_bricks":4,"minecraft:white_tulip":4,"minecraft:furnace":12,"minecraft:stone_axe":2,"minecraft:cobbled_deepslate":75,"minecraft:stone_sword":1,"minecraft:raw_copper":54,"minecraft:wheat":10,"minecraft:chicken":3,"minecraft:rotten_flesh":20,"minecraft:light_gray_wool":3,"minecraft:oak_planks":15,"minecraft:iron_boots":1,"minecraft:cooked_mutton":1,"minecraft:honey_bottle":2,"minecraft:lily_of_the_valley":14,"minecraft:wind_charge":4,"minecraft:tipped_arrow":1,"minecraft:trial_key":3,"minecraft:allium":2,"minecraft:iron_chestplate":1,"minecraft:andesite":3,"minecraft:lingering_potion":4,"minecraft:breeze_rod":4,"minecraft:waxed_chiseled_copper":1,"minecraft:arrow":31,"minecraft:stone_pickaxe":1,"minecraft:bow":2,"minecraft:waxed_exposed_copper_bulb":2,"minecraft:wooden_pickaxe":2,"minecraft:black_wool":1,"minecraft:splash_potion":2,"minecraft:brick":2},"minecraft:crafted":{"minecraft:cherry_planks":72,"minecraft:oak_planks":340,"minecraft:furnace":14,"minecraft:oak_trapdoor":48,"minecraft:cooked_mutton":14,"minecraft:diamond_helmet":2,"minecraft:diamond_leggings":1,"minecraft:iron_boots":1,"minecraft:iron_axe":1,"minecraft:stone_pickaxe":5,"minecraft:chest":5,"minecraft:diamond_boots":1,"minecraft:oak_slab":12,"minecraft:cooked_beef":3,"minecraft:diamond_axe":1,"minecraft:diamond_sword":1,"minecraft:cooked_porkchop":9,"minecraft:crafting_table":6,"minecraft:wooden_pickaxe":2,"minecraft:iron_helmet":1,"minecraft:bread":2,"minecraft:air":0,"minecraft:wooden_hoe":1,"minecraft:diamond_pickaxe":2,"minecraft:stick":44,"minecraft:iron_ingot":66,"minecraft:iron_pickaxe":1,"minecraft:stone_sword":1,"minecraft:iron_leggings":1,"minecraft:white_bed":1,"minecraft:torch":16,"minecraft:diamond_chestplate":1},"minecraft:broken":{"minecraft:iron_boots":1,"minecraft:iron_leggings":1,"minecraft:stone_pickaxe":4,"minecraft:iron_helmet":1}},"DataVersion":3953}