{"stats":{"minecraft:picked_up":{"minecraft:lingering_potion":4,"minecraft:iron_chestplate":2,"minecraft:allium":2,"minecraft:wheat":16,"minecraft:splash_potion":2,"minecraft:ominous_bottle":1,"minecraft:chicken":4,"minecraft:diamond_sword":1,"minecraft:wooden_pickaxe":1,"minecraft:potion":4,"minecraft:shield":2,"minecraft:brick":86,"minecraft:wind_charge":16,"minecraft:amethyst_block":4,"minecraft:iron_axe":1,"minecraft:string":71,"minecraft:raw_copper":108,"minecraft:iron_leggings":1,"minecraft:cobbled_deepslate":218,"minecraft:beef":3,"minecraft:trial_key":5,"minecraft:white_tulip":9,"minecraft:rose_bush":34,"minecraft:light_gray_wool":7,"minecraft:chest":1,"minecraft:waxed_oxidized_copper":62,"minecraft:iron_boots":1,"minecraft:furnace":21,"minecraft:tipped_arrow":26,"minecraft:raw_iron":78,"minecraft:torch":6,"minecraft:fire_charge":10,"minecraft:porkchop":24,"minecraft:mace":1,"minecraft:cherry_log":18,"minecraft:waxed_weathered_copper_bulb":1,"minecraft:waxed_copper_grate":45,"minecraft:diorite":50,"minecraft:waxed_oxidized_chiseled_copper":1,"minecraft:diamond_chestplate":1,"minecraft:honey_bottle":4,"minecraft:arrow":196,"minecraft:rotten_flesh":40,"minecraft:decorated_pot":1,"minecraft:iron_block":1,"minecraft:red_tulip":30,"minecraft:pink_tulip":42,"minecraft:tuff_bricks":82,"minecraft:mutton":16,"minecraft:white_wool":7,"minecraft:cobblestone":563,"minecraft:cooked_beef":5,"minecraft:feather":2,"minecraft:lilac":28,"minecraft:golden_carrot":3,"minecraft:andesite":3,"minecraft:leather":3,"minecraft:red_mushroom":9,"minecraft:flint":3,"minecraft:waxed_copper_bulb":3,"minecraft:oak_log":21,"minecraft:waxed_copper_block":85,"minecraft:yellow_bed":2,"minecraft:lapis_lazuli":4,"minecraft:dirt":48,"minecraft:cooked_mutton":1,"minecraft:bone":56,"minecraft:apple":1,"minecraft:bow":2,"minecraft:wheat_seeds":37,"minecraft:orange_tulip":99,"minecraft:stone_pickaxe":1,"minecraft:iron_ingot":70,"minecraft:cooked_chicken":7,"minecraft:glass_bottle":5,"minecraft:oak_planks":17,"minecraft:scrape_pottery_sherd":1,"minecraft:emerald_block":2,"minecraft:birch_boat":1,"minecraft:cooked_porkchop":4,"minecraft:waxed_exposed_copper_bulb":3,"minecraft:dandelion":2,"minecraft:gravel":49,"minecraft:waxed_chiseled_copper":3,"minecraft:barrel":2,"minecraft:lily_of_the_valley":28,"minecraft:polished_tuff":1,"minecraft:spider_eye":19,"minecraft:mossy_cobblestone":2,"minecraft:diamond":38,"minecraft:stone_axe":2,"minecraft:granite":13,"minecraft:crossbow":2,"minecraft:breeze_rod":13,"minecraft:gray_wool":1,"minecraft:emerald":36,"minecraft:bread":21,"minecraft:music_disc_precipice":1,"minecraft:ominous_trial_key":1,"minecraft:baked_potato":20,"minecraft:bricks":8,"minecraft:oak_sapling":4,"minecraft:black_wool":2,"minecraft:coal":70},"minecraft:broken":{"minecraft:iron_boots":1,"minecraft:stone_pickaxe":4,"minecraft:iron_helmet":1},"minecraft:killed_by":{"minecraft:stray":1,"minecraft:skeleton":1},"minecraft:custom":{"minecraft:interact_with_smithing_table":2,"minecraft:mob_kills":147,"minecraft:interact_with_crafting_table":28,"minecraft:open_barrel":10,"minecraft:eat_cake_slice":4,"minecraft:leave_game":2,"minecraft:time_since_death":32259,"minecraft:climb_one_cm":18562,"minecraft:sprint_one_cm":474223,"minecraft:walk_one_cm":944316,"minecraft:damage_blocked_by_shield":640,"minecraft:drop":162,"minecraft:talked_to_villager":1,"minecraft:play_time":234957,"minecraft:deaths":3,"minecraft:sneak_time":4987,"minecraft:walk_under_water_one_cm":104391,"minecraft:jump":2890,"minecraft:walk_on_water_one_cm":28181,"minecraft:total_world_time":234957,"minecraft:interact_with_furnace":61,"minecraft:sleep_in_bed":9,"minecraft:time_since_rest":18765,"minecraft:damage_taken":4103,"minecraft:damage_dealt":21545,"minecraft:swim_one_cm":52075,"minecraft:fly_one_cm":357779,"minecraft:open_chest":45,"minecraft:crouch_one_cm":4769,"minecraft:fall_one_cm":80256,"minecraft:inspect_dispenser":57},"minecraft:killed":{"minecraft:cave_spider":44,"minecraft:skeleton":2,"minecraft:chicken":3,"minecraft:pig":11,"minecraft:sheep":12,"minecraft:zombie":26,"minecraft:stray":37,"minecraft:breeze":6,"minecraft:cow":2},"minecraft:used":{"minecraft:stone_sword":134,"minecraft:white_tulip":2,"minecraft:chest":4,"minecraft:shield":22,"minecraft:cooked_chicken":7,"minecraft:trial_key":2,"minecraft:torch":21,"minecraft:dirt":20,"minecraft:waxed_copper_grate":14,"minecraft:red_tulip":11,"minecraft:iron_axe":22,"minecraft:waxed_exposed_copper_bulb":1,"minecraft:golden_carrot":3,"minecraft:bow":14,"minecraft:furnace":11,"minecraft:cooked_beef":3,"minecraft:cobbled_deepslate":77,"minecraft:wheat_seeds":19,"minecraft:cooked_mutton":10,"minecraft:water_bucket":23,"minecraft:amethyst_block":4,"minecraft:pink_tulip":9,"minecraft:waxed_weathered_copper_bulb":1,"minecraft:oak_planks":1,"minecraft:baked_potato":12,"minecraft:stone_pickaxe":643,"minecraft:orange_tulip":22,"minecraft:wooden_pickaxe":15,"minecraft:waxed_copper_block":43,"minecraft:crafting_table":4,"minecraft:crossbow":2,"minecraft:white_bed":1,"minecraft:lingering_potion":4,"minecraft:cake":1,"minecraft:oak_log":2,"minecraft:waxed_chiseled_copper":1,"minecraft:diamond_pickaxe":557,"minecraft:apple":1,"minecraft:ominous_trial_key":1,"minecraft:wind_charge":2,"minecraft:bread":8,"minecraft:iron_pickaxe":172,"minecraft:potion":1,"minecraft:diamond_sword":501,"minecraft:cobblestone":105,"minecraft:cooked_porkchop":8,"minecraft:bucket":23,"minecraft:yellow_bed":2},"minecraft:crafted":{"minecraft:cherry_planks":72,"minecraft:oak_planks":68,"minecraft:furnace":14,"minecraft:cooked_mutton":12,"minecraft:iron_boots":1,"minecraft:iron_axe":1,"minecraft:stone_pickaxe":5,"minecraft:chest":5,"minecraft:cooked_beef":3,"minecraft:diamond_sword":1,"minecraft:cooked_porkchop":9,"minecraft:crafting_table":4,"minecraft:wooden_pickaxe":2,"minecraft:iron_helmet":1,"minecraft:bread":2,"minecraft:air":0,"minecraft:diamond_pickaxe":2,"minecraft:stick":36,"minecraft:iron_ingot":66,"minecraft:iron_pickaxe":1,"minecraft:stone_sword":1,"minecraft:iron_leggings":1,"minecraft:white_bed":1,"minecraft:torch":16,"minecraft:diamond_chestplate":1},"minecraft:mined":{"minecraft:diamond_ore":2,"minecraft:tuff":9,"minecraft:mossy_cobblestone":2,"minecraft:deepslate_diamond_ore":31,"minecraft:cherry_log":19,"minecraft:waxed_oxidized_chiseled_copper":1,"minecraft:granite":19,"minecraft:budding_amethyst":1,"minecraft:grass_block":16,"minecraft:decorated_pot":40,"minecraft:chiseled_tuff_bricks":5,"minecraft:red_mushroom":2,"minecraft:tuff_bricks":45,"minecraft:furnace":8,"minecraft:barrel":2,"minecraft:waxed_copper_grate":29,"minecraft:iron_ore":63,"minecraft:polished_tuff":1,"minecraft:andesite":6,"minecraft:red_tulip":19,"minecraft:deepslate_iron_ore":9,"minecraft:pink_tulip":27,"minecraft:waxed_weathered_copper_bulb":1,"minecraft:stone":442,"minecraft:white_tulip":2,"minecraft:waxed_exposed_copper_bulb":2,"minecraft:lily_of_the_valley":16,"minecraft:medium_amethyst_bud":1,"minecraft:torch":1,"minecraft:short_grass":25,"minecraft:calcite":2,"minecraft:chest":1,"minecraft:rose_bush":19,"minecraft:tall_grass":1,"minecraft:copper_ore":13,"minecraft:cobblestone":30,"minecraft:lapis_ore":1,"minecraft:oak_planks":2,"minecraft:waxed_chiseled_copper":2,"minecraft:diorite":50,"minecraft:wall_torch":3,"minecraft:amethyst_block":4,"minecraft:deepslate_copper_ore":3,"minecraft:waxed_copper_bulb":3,"minecraft:wheat":13,"minecraft:lilac":30,"minecraft:waxed_copper_block":86,"minecraft:orange_tulip":39,"minecraft:yellow_bed":3,"minecraft:oak_log":21,"minecraft:coal_ore":61,"minecraft:waxed_oxidized_copper":31,"minecraft:gravel":29,"minecraft:dirt":35,"minecraft:smooth_basalt":1,"minecraft:oak_leaves":2,"minecraft:deepslate":367},"minecraft:dropped":{"minecraft:water_bucket":1,"minecraft:bread":15,"minecraft:iron_ingot":112,"minecraft:ominous_bottle":1,"minecraft:porkchop":5,"minecraft:wheat_seeds":18,"minecraft:lapis_lazuli":4,"minecraft:cooked_beef":1,"minecraft:mossy_cobblestone":2,"minecraft:glass_bottle":1,"minecraft:diamond":10,"minecraft:decorated_pot":1,"minecraft:cooked_porkchop":3,"minecraft:feather":1,"minecraft:orange_tulip":32,"minecraft:crossbow":1,"minecraft:cobblestone":210,"minecraft:waxed_copper_grate":14,"minecraft:polished_tuff":1,"minecraft:red_mushroom":1,"minecraft:stick":5,"minecraft:flint":2,"minecraft:diorite":10,"minecraft:torch":1,"minecraft:mutton":2,"minecraft:scrape_pottery_sherd":1,"minecraft:rose_bush":17,"minecraft:waxed_oxidized_copper":31,"minecraft:fire_charge":10,"minecraft:potion":3,"minecraft:string":17,"minecraft:white_wool":2,"minecraft:dandelion":1,"minecraft:bone":18,"minecraft:pink_tulip":24,"minecraft:furnace":12,"minecraft:white_tulip":4,"minecraft:stone_axe":2,"minecraft:tuff_bricks":4,"minecraft:cobbled_deepslate":75,"minecraft:stone_sword":1,"minecraft:raw_copper":54,"minecraft:wheat":10,"minecraft:chicken":3,"minecraft:rotten_flesh":20,"minecraft:light_gray_wool":3,"minecraft:oak_planks":15,"minecraft:iron_boots":1,"minecraft:cooked_mutton":1,"minecraft:honey_bottle":2,"minecraft:lily_of_the_valley":14,"minecraft:wind_charge":4,"minecraft:tipped_arrow":1,"minecraft:trial_key":3,"minecraft:allium":2,"minecraft:iron_chestplate":1,"minecraft:andesite":3,"minecraft:lingering_potion":4,"minecraft:breeze_rod":4,"minecraft:waxed_chiseled_copper":1,"minecraft:arrow":31,"minecraft:stone_pickaxe":1,"minecraft:bow":2,"minecraft:waxed_exposed_copper_bulb":2,"minecraft:wooden_pickaxe":2,"minecraft:splash_potion":2,"minecraft:black_wool":1,"minecraft:brick":2}},"DataVersion":3953}