{"stats":{"minecraft:picked_up":{"minecraft:oak_log":6,"minecraft:azure_bluet":1,"minecraft:apple":1,"minecraft:porkchop":3},"minecraft:mined":{"minecraft:oak_log":6,"minecraft:oak_leaves":2,"minecraft:azure_bluet":1},"minecraft:crafted":{"minecraft:oak_planks":24},"minecraft:custom":{"minecraft:jump":30,"minecraft:time_since_rest":2971,"minecraft:sprint_one_cm":382,"minecraft:crouch_one_cm":78,"minecraft:damage_dealt":90,"minecraft:damage_taken":20,"minecraft:leave_game":2,"minecraft:play_time":2971,"minecraft:time_since_death":2971,"minecraft:walk_one_cm":13757,"minecraft:sneak_time":9,"minecraft:total_world_time":2971,"minecraft:mob_kills":1,"minecraft:fly_one_cm":27,"minecraft:fall_one_cm":673},"minecraft:killed":{"minecraft:pig":1}},"DataVersion":3953}