{"stats":{"minecraft:picked_up":{"minecraft:wooden_axe":1,"minecraft:lingering_potion":4,"minecraft:iron_chestplate":3,"minecraft:crafting_table":2,"minecraft:wheat":15,"minecraft:ominous_bottle":2,"minecraft:flower_pot":2,"minecraft:diamond_sword":3,"minecraft:wooden_pickaxe":1,"minecraft:potion":11,"minecraft:enchanted_book":4,"minecraft:brick":138,"minecraft:shield":6,"minecraft:wind_charge":59,"minecraft:string":135,"minecraft:flow_banner_pattern":2,"minecraft:iron_axe":1,"minecraft:iron_leggings":3,"minecraft:cobbled_deepslate":69,"minecraft:bucket":2,"minecraft:beef":13,"minecraft:trial_key":10,"minecraft:waxed_oxidized_copper":1,"minecraft:iron_boots":2,"minecraft:furnace":2,"minecraft:tipped_arrow":77,"minecraft:stick":1,"minecraft:raw_iron":6,"minecraft:torch":1,"minecraft:porkchop":9,"minecraft:flow_pottery_sherd":1,"minecraft:mace":1,"minecraft:cherry_log":1,"minecraft:waxed_copper_grate":3,"minecraft:trident":1,"minecraft:rotten_flesh":95,"minecraft:arrow":317,"minecraft:honey_bottle":4,"minecraft:diamond_chestplate":4,"minecraft:hay_block":9,"minecraft:red_tulip":2,"minecraft:iron_block":1,"minecraft:tuff_bricks":55,"minecraft:mutton":6,"minecraft:white_wool":6,"minecraft:cobblestone":23,"minecraft:birch_log":7,"minecraft:cooked_beef":13,"minecraft:golden_carrot":4,"minecraft:water_bucket":1,"minecraft:leather":18,"minecraft:red_mushroom":7,"minecraft:birch_planks":2,"minecraft:tuff":1,"minecraft:oak_log":6,"minecraft:waxed_copper_block":6,"minecraft:yellow_bed":3,"minecraft:dirt":52,"minecraft:cooked_mutton":3,"minecraft:bone":151,"minecraft:bow":1,"minecraft:wheat_seeds":21,"minecraft:iron_ingot":54,"minecraft:stone_pickaxe":2,"minecraft:cooked_chicken":12,"minecraft:bolt_armor_trim_smithing_template":2,"minecraft:glass_bottle":4,"minecraft:scrape_pottery_sherd":2,"minecraft:oak_planks":33,"minecraft:emerald_block":3,"minecraft:birch_boat":3,"minecraft:heavy_core":1,"minecraft:waxed_exposed_copper_bulb":1,"minecraft:white_bed":3,"minecraft:dead_bush":1,"minecraft:polished_tuff":2,"minecraft:spider_eye":37,"minecraft:diamond":10,"minecraft:stone_axe":2,"minecraft:iron_helmet":1,"minecraft:diamond_axe":1,"minecraft:breeze_rod":23,"minecraft:golden_apple":1,"minecraft:emerald":63,"minecraft:bread":51,"minecraft:music_disc_precipice":2,"minecraft:baked_potato":29,"minecraft:coal":42,"minecraft:bricks":4,"minecraft:ominous_trial_key":6,"minecraft:diamond_pickaxe":2,"minecraft:ender_pearl":4},"minecraft:broken":{"minecraft:iron_boots":1,"minecraft:iron_leggings":1,"minecraft:iron_helmet":1},"minecraft:killed_by":{"minecraft:player":1},"minecraft:custom":{"minecraft:mob_kills":202,"minecraft:interact_with_crafting_table":11,"minecraft:open_barrel":17,"minecraft:eat_cake_slice":3,"minecraft:leave_game":18,"minecraft:time_since_death":102925,"minecraft:climb_one_cm":28628,"minecraft:sprint_one_cm":712348,"minecraft:walk_one_cm":540110,"minecraft:damage_blocked_by_shield":2625,"minecraft:drop":153,"minecraft:play_time":152304,"minecraft:deaths":2,"minecraft:sneak_time":4640,"minecraft:walk_under_water_one_cm":25002,"minecraft:boat_one_cm":26527,"minecraft:jump":3292,"minecraft:walk_on_water_one_cm":17727,"minecraft:total_world_time":152304,"minecraft:interact_with_furnace":10,"minecraft:sleep_in_bed":6,"minecraft:time_since_rest":27753,"minecraft:damage_taken":5709,"minecraft:damage_absorbed":40,"minecraft:damage_dealt":33608,"minecraft:swim_one_cm":56176,"minecraft:fly_one_cm":537800,"minecraft:player_kills":1,"minecraft:open_chest":44,"minecraft:crouch_one_cm":16764,"minecraft:fall_one_cm":89566,"minecraft:horse_one_cm":42270,"minecraft:inspect_dispenser":24},"minecraft:killed":{"minecraft:cave_spider":38,"minecraft:spider":1,"minecraft:skeleton":2,"minecraft:chicken":1,"minecraft:pig":1,"minecraft:creeper":1,"minecraft:sheep":2,"minecraft:zombie":43,"minecraft:stray":88,"minecraft:breeze":11,"minecraft:wither_skeleton":1,"minecraft:blaze":1,"minecraft:cow":7},"minecraft:used":{"minecraft:tuff_bricks":16,"minecraft:trident":17,"minecraft:shield":90,"minecraft:cooked_chicken":8,"minecraft:trial_key":8,"minecraft:torch":1,"minecraft:dirt":14,"minecraft:waxed_copper_grate":1,"minecraft:tuff":1,"minecraft:waxed_oxidized_copper":1,"minecraft:wooden_axe":3,"minecraft:bricks":12,"minecraft:diamond_chestplate":1,"minecraft:golden_carrot":6,"minecraft:ominous_bottle":1,"minecraft:furnace":1,"minecraft:cooked_beef":11,"minecraft:cobbled_deepslate":64,"minecraft:iron_leggings":1,"minecraft:cooked_mutton":1,"minecraft:water_bucket":49,"minecraft:stone_pickaxe":20,"minecraft:baked_potato":19,"minecraft:oak_planks":13,"minecraft:birch_boat":1,"minecraft:wooden_pickaxe":8,"minecraft:diamond_axe":7,"minecraft:waxed_copper_block":1,"minecraft:golden_apple":1,"minecraft:crafting_table":6,"minecraft:white_bed":2,"minecraft:polished_tuff":2,"minecraft:diamond_pickaxe":57,"minecraft:ominous_trial_key":4,"minecraft:mace":3,"minecraft:wind_charge":22,"minecraft:bread":33,"minecraft:stone_axe":17,"minecraft:diamond_sword":536,"minecraft:potion":5,"minecraft:cobblestone":6,"minecraft:bucket":48,"minecraft:yellow_bed":3},"minecraft:crafted":{"minecraft:cherry_planks":4,"minecraft:oak_planks":24,"minecraft:birch_boat":1,"minecraft:wind_charge":8,"minecraft:furnace":1,"minecraft:mace":1,"minecraft:iron_boots":1,"minecraft:stone_pickaxe":1,"minecraft:bricks":16,"minecraft:wheat":81,"minecraft:cooked_beef":9,"minecraft:diamond_sword":1,"minecraft:crafting_table":4,"minecraft:wooden_pickaxe":1,"minecraft:iron_helmet":1,"minecraft:birch_planks":28,"minecraft:stone_axe":1,"minecraft:bread":27,"minecraft:air":0,"minecraft:iron_chestplate":1,"minecraft:diamond_pickaxe":1,"minecraft:shield":1,"minecraft:stick":12,"minecraft:iron_ingot":9,"minecraft:wooden_axe":1,"minecraft:iron_leggings":1},"minecraft:mined":{"minecraft:tuff":1,"minecraft:white_bed":3,"minecraft:cherry_log":1,"minecraft:potted_dead_bush":2,"minecraft:grass_block":6,"minecraft:decorated_pot":23,"minecraft:red_mushroom":4,"minecraft:tuff_bricks":18,"minecraft:hay_block":9,"minecraft:furnace":1,"minecraft:waxed_copper_grate":6,"minecraft:cobbled_deepslate":4,"minecraft:fire":13,"minecraft:polished_tuff":2,"minecraft:oxidized_copper_trapdoor":1,"minecraft:red_tulip":1,"minecraft:stone":21,"minecraft:crafting_table":2,"minecraft:short_grass":12,"minecraft:tall_grass":5,"minecraft:cobblestone":5,"minecraft:birch_log":7,"minecraft:waxed_oxidized_cut_copper_stairs":1,"minecraft:waxed_copper_block":7,"minecraft:yellow_bed":2,"minecraft:oak_log":6,"minecraft:coal_ore":12,"minecraft:waxed_oxidized_copper":2,"minecraft:dirt":16,"minecraft:cobweb":13},"minecraft:dropped":{"minecraft:bread":10,"minecraft:iron_ingot":9,"minecraft:birch_planks":2,"minecraft:porkchop":3,"minecraft:wheat_seeds":21,"minecraft:cooked_beef":4,"minecraft:baked_potato":8,"minecraft:glass_bottle":9,"minecraft:cobblestone":3,"minecraft:waxed_copper_grate":2,"minecraft:leather":6,"minecraft:ominous_trial_key":2,"minecraft:coal":10,"minecraft:red_mushroom":7,"minecraft:stick":1,"minecraft:dirt":27,"minecraft:mace":1,"minecraft:mutton":4,"minecraft:scrape_pottery_sherd":2,"minecraft:wooden_axe":1,"minecraft:music_disc_precipice":1,"minecraft:fire_charge":25,"minecraft:potion":1,"minecraft:iron_leggings":1,"minecraft:iron_axe":1,"minecraft:flow_banner_pattern":1,"minecraft:string":94,"minecraft:white_wool":2,"minecraft:bone":13,"minecraft:furnace":1,"minecraft:bricks":8,"minecraft:stone_axe":2,"minecraft:tuff_bricks":39,"minecraft:flow_pottery_sherd":1,"minecraft:cooked_chicken":3,"minecraft:cobbled_deepslate":47,"minecraft:wheat":10,"minecraft:raw_iron":6,"minecraft:rotten_flesh":64,"minecraft:oak_planks":3,"minecraft:waxed_copper_block":1,"minecraft:diamond_sword":1,"minecraft:tipped_arrow":10,"minecraft:flower_pot":2,"minecraft:shield":4,"minecraft:trial_key":2,"minecraft:diamond_chestplate":1,"minecraft:iron_chestplate":2,"minecraft:lingering_potion":3,"minecraft:spider_eye":32,"minecraft:wooden_pickaxe":1,"minecraft:arrow":66,"minecraft:birch_boat":1,"minecraft:bow":1,"minecraft:stone_pickaxe":2,"minecraft:beef":3,"minecraft:waxed_exposed_copper_bulb":1,"minecraft:red_tulip":1,"minecraft:brick":2}},"DataVersion":3953}