{"stats":{"minecraft:picked_up":{"minecraft:wooden_axe":1,"minecraft:iron_chestplate":3,"minecraft:crafting_table":2,"minecraft:wheat":10,"minecraft:flower_pot":2,"minecraft:diamond_sword":2,"minecraft:wooden_pickaxe":1,"minecraft:potion":6,"minecraft:enchanted_book":2,"minecraft:brick":130,"minecraft:shield":3,"minecraft:string":15,"minecraft:iron_leggings":2,"minecraft:cobbled_deepslate":66,"minecraft:bucket":2,"minecraft:beef":12,"minecraft:trial_key":5,"minecraft:waxed_oxidized_copper":1,"minecraft:iron_boots":2,"minecraft:furnace":2,"minecraft:tipped_arrow":30,"minecraft:stick":1,"minecraft:torch":1,"minecraft:porkchop":9,"minecraft:flow_pottery_sherd":1,"minecraft:waxed_copper_grate":1,"minecraft:trident":1,"minecraft:rotten_flesh":64,"minecraft:arrow":163,"minecraft:honey_bottle":4,"minecraft:diamond_chestplate":2,"minecraft:hay_block":9,"minecraft:red_tulip":2,"minecraft:tuff_bricks":8,"minecraft:mutton":6,"minecraft:white_wool":6,"minecraft:cobblestone":14,"minecraft:birch_log":7,"minecraft:cooked_beef":8,"minecraft:water_bucket":1,"minecraft:leather":18,"minecraft:birch_planks":2,"minecraft:oak_log":6,"minecraft:waxed_copper_block":5,"minecraft:yellow_bed":3,"minecraft:dirt":41,"minecraft:cooked_mutton":3,"minecraft:bone":82,"minecraft:bow":1,"minecraft:wheat_seeds":20,"minecraft:stone_pickaxe":1,"minecraft:iron_ingot":44,"minecraft:cooked_chicken":7,"minecraft:bolt_armor_trim_smithing_template":2,"minecraft:scrape_pottery_sherd":2,"minecraft:oak_planks":33,"minecraft:birch_boat":3,"minecraft:waxed_exposed_copper_bulb":1,"minecraft:dead_bush":1,"minecraft:polished_tuff":2,"minecraft:spider_eye":20,"minecraft:diamond":8,"minecraft:stone_axe":2,"minecraft:iron_helmet":1,"minecraft:breeze_rod":9,"minecraft:bread":42,"minecraft:emerald":32,"minecraft:music_disc_precipice":2,"minecraft:baked_potato":4,"minecraft:coal":42,"minecraft:diamond_pickaxe":2,"minecraft:ender_pearl":4},"minecraft:killed_by":{"minecraft:player":1},"minecraft:custom":{"minecraft:mob_kills":62,"minecraft:interact_with_crafting_table":10,"minecraft:open_barrel":8,"minecraft:eat_cake_slice":3,"minecraft:leave_game":8,"minecraft:time_since_death":12390,"minecraft:climb_one_cm":5670,"minecraft:sprint_one_cm":245359,"minecraft:walk_one_cm":219907,"minecraft:damage_blocked_by_shield":585,"minecraft:drop":69,"minecraft:play_time":61769,"minecraft:deaths":2,"minecraft:sneak_time":2794,"minecraft:walk_under_water_one_cm":13945,"minecraft:boat_one_cm":26527,"minecraft:jump":1252,"minecraft:walk_on_water_one_cm":2531,"minecraft:total_world_time":61769,"minecraft:interact_with_furnace":10,"minecraft:sleep_in_bed":4,"minecraft:time_since_rest":9671,"minecraft:damage_taken":2098,"minecraft:damage_dealt":9817,"minecraft:swim_one_cm":12496,"minecraft:fly_one_cm":205296,"minecraft:open_chest":20,"minecraft:crouch_one_cm":9090,"minecraft:fall_one_cm":35658,"minecraft:inspect_dispenser":10},"minecraft:killed":{"minecraft:cave_spider":6,"minecraft:spider":1,"minecraft:skeleton":2,"minecraft:pig":1,"minecraft:creeper":1,"minecraft:sheep":2,"minecraft:zombie":8,"minecraft:stray":33,"minecraft:breeze":2,"minecraft:cow":6},"minecraft:crafted":{"minecraft:oak_planks":24,"minecraft:birch_boat":1,"minecraft:wind_charge":8,"minecraft:furnace":1,"minecraft:iron_boots":1,"minecraft:stone_pickaxe":1,"minecraft:wheat":81,"minecraft:cooked_beef":9,"minecraft:diamond_sword":1,"minecraft:crafting_table":3,"minecraft:wooden_pickaxe":1,"minecraft:iron_helmet":1,"minecraft:birch_planks":28,"minecraft:stone_axe":1,"minecraft:bread":27,"minecraft:air":0,"minecraft:iron_chestplate":1,"minecraft:diamond_pickaxe":1,"minecraft:shield":1,"minecraft:stick":12,"minecraft:wooden_axe":1,"minecraft:iron_leggings":1},"minecraft:used":{"minecraft:tuff_bricks":8,"minecraft:trident":2,"minecraft:shield":21,"minecraft:cooked_chicken":2,"minecraft:trial_key":4,"minecraft:torch":1,"minecraft:dirt":9,"minecraft:waxed_copper_grate":1,"minecraft:wooden_axe":3,"minecraft:waxed_oxidized_copper":1,"minecraft:diamond_chestplate":1,"minecraft:furnace":1,"minecraft:cooked_beef":6,"minecraft:cobbled_deepslate":42,"minecraft:iron_leggings":1,"minecraft:cooked_mutton":1,"minecraft:water_bucket":7,"minecraft:stone_pickaxe":20,"minecraft:wooden_pickaxe":8,"minecraft:birch_boat":1,"minecraft:crafting_table":5,"minecraft:polished_tuff":2,"minecraft:diamond_pickaxe":25,"minecraft:wind_charge":8,"minecraft:bread":16,"minecraft:stone_axe":17,"minecraft:diamond_sword":141,"minecraft:bucket":6,"minecraft:yellow_bed":3},"minecraft:mined":{"minecraft:potted_dead_bush":2,"minecraft:grass_block":3,"minecraft:decorated_pot":23,"minecraft:tuff_bricks":9,"minecraft:hay_block":9,"minecraft:furnace":1,"minecraft:waxed_copper_grate":3,"minecraft:polished_tuff":2,"minecraft:oxidized_copper_trapdoor":1,"minecraft:red_tulip":1,"minecraft:stone":13,"minecraft:crafting_table":2,"minecraft:short_grass":6,"minecraft:cobblestone":1,"minecraft:tall_grass":3,"minecraft:birch_log":7,"minecraft:waxed_copper_block":5,"minecraft:yellow_bed":2,"minecraft:oak_log":6,"minecraft:coal_ore":12,"minecraft:waxed_oxidized_copper":2,"minecraft:dirt":8,"minecraft:cobweb":6},"minecraft:dropped":{"minecraft:bread":10,"minecraft:birch_planks":2,"minecraft:wheat_seeds":20,"minecraft:cooked_beef":4,"minecraft:baked_potato":4,"minecraft:stick":1,"minecraft:dirt":17,"minecraft:mutton":4,"minecraft:scrape_pottery_sherd":2,"minecraft:wooden_axe":1,"minecraft:string":12,"minecraft:white_wool":2,"minecraft:furnace":1,"minecraft:stone_axe":2,"minecraft:flow_pottery_sherd":1,"minecraft:cooked_chicken":3,"minecraft:cobbled_deepslate":44,"minecraft:rotten_flesh":33,"minecraft:oak_planks":3,"minecraft:waxed_copper_block":1,"minecraft:shield":1,"minecraft:flower_pot":2,"minecraft:trial_key":1,"minecraft:iron_chestplate":1,"minecraft:spider_eye":10,"minecraft:bow":1,"minecraft:wooden_pickaxe":1,"minecraft:stone_pickaxe":1,"minecraft:beef":2,"minecraft:waxed_exposed_copper_bulb":1,"minecraft:red_tulip":1,"minecraft:brick":2}},"DataVersion":3953}