{"stats":{"minecraft:picked_up":{"minecraft:wooden_axe":1,"minecraft:iron_chestplate":3,"minecraft:crafting_table":2,"minecraft:wheat":15,"minecraft:ominous_bottle":1,"minecraft:flower_pot":2,"minecraft:diamond_sword":2,"minecraft:wooden_pickaxe":1,"minecraft:potion":10,"minecraft:enchanted_book":3,"minecraft:brick":130,"minecraft:shield":5,"minecraft:wind_charge":30,"minecraft:string":59,"minecraft:flow_banner_pattern":1,"minecraft:iron_leggings":2,"minecraft:cobbled_deepslate":66,"minecraft:bucket":2,"minecraft:beef":13,"minecraft:trial_key":8,"minecraft:waxed_oxidized_copper":1,"minecraft:iron_boots":2,"minecraft:furnace":2,"minecraft:tipped_arrow":53,"minecraft:stick":1,"minecraft:torch":1,"minecraft:porkchop":9,"minecraft:flow_pottery_sherd":1,"minecraft:waxed_copper_grate":3,"minecraft:trident":1,"minecraft:rotten_flesh":85,"minecraft:arrow":204,"minecraft:honey_bottle":4,"minecraft:diamond_chestplate":2,"minecraft:hay_block":9,"minecraft:red_tulip":2,"minecraft:tuff_bricks":9,"minecraft:mutton":6,"minecraft:white_wool":6,"minecraft:cobblestone":23,"minecraft:birch_log":7,"minecraft:cooked_beef":12,"minecraft:golden_carrot":2,"minecraft:water_bucket":1,"minecraft:leather":18,"minecraft:red_mushroom":3,"minecraft:birch_planks":2,"minecraft:tuff":1,"minecraft:oak_log":6,"minecraft:waxed_copper_block":6,"minecraft:yellow_bed":3,"minecraft:dirt":42,"minecraft:cooked_mutton":3,"minecraft:bone":119,"minecraft:bow":1,"minecraft:wheat_seeds":20,"minecraft:stone_pickaxe":1,"minecraft:iron_ingot":45,"minecraft:cooked_chicken":12,"minecraft:bolt_armor_trim_smithing_template":2,"minecraft:glass_bottle":2,"minecraft:scrape_pottery_sherd":2,"minecraft:oak_planks":33,"minecraft:birch_boat":3,"minecraft:waxed_exposed_copper_bulb":1,"minecraft:white_bed":1,"minecraft:dead_bush":1,"minecraft:polished_tuff":2,"minecraft:spider_eye":31,"minecraft:diamond":8,"minecraft:stone_axe":2,"minecraft:iron_helmet":1,"minecraft:breeze_rod":23,"minecraft:golden_apple":1,"minecraft:emerald":39,"minecraft:bread":45,"minecraft:music_disc_precipice":2,"minecraft:baked_potato":14,"minecraft:coal":42,"minecraft:ominous_trial_key":4,"minecraft:diamond_pickaxe":2,"minecraft:ender_pearl":4},"minecraft:broken":{"minecraft:iron_boots":1,"minecraft:iron_leggings":1,"minecraft:iron_helmet":1},"minecraft:killed_by":{"minecraft:player":1},"minecraft:custom":{"minecraft:mob_kills":165,"minecraft:interact_with_crafting_table":10,"minecraft:open_barrel":16,"minecraft:eat_cake_slice":3,"minecraft:leave_game":15,"minecraft:time_since_death":60222,"minecraft:climb_one_cm":16916,"minecraft:sprint_one_cm":501685,"minecraft:walk_one_cm":403074,"minecraft:damage_blocked_by_shield":2055,"minecraft:drop":110,"minecraft:play_time":109601,"minecraft:deaths":2,"minecraft:sneak_time":3719,"minecraft:walk_under_water_one_cm":18661,"minecraft:boat_one_cm":26527,"minecraft:jump":2436,"minecraft:walk_on_water_one_cm":8416,"minecraft:total_world_time":109601,"minecraft:interact_with_furnace":10,"minecraft:sleep_in_bed":5,"minecraft:time_since_rest":25528,"minecraft:damage_taken":4357,"minecraft:damage_absorbed":40,"minecraft:damage_dealt":27138,"minecraft:swim_one_cm":37595,"minecraft:fly_one_cm":399179,"minecraft:open_chest":35,"minecraft:crouch_one_cm":12675,"minecraft:fall_one_cm":67845,"minecraft:inspect_dispenser":17},"minecraft:killed":{"minecraft:cave_spider":32,"minecraft:spider":1,"minecraft:skeleton":2,"minecraft:chicken":1,"minecraft:pig":1,"minecraft:creeper":1,"minecraft:sheep":2,"minecraft:zombie":31,"minecraft:stray":72,"minecraft:breeze":11,"minecraft:wither_skeleton":1,"minecraft:blaze":1,"minecraft:cow":7},"minecraft:crafted":{"minecraft:oak_planks":24,"minecraft:birch_boat":1,"minecraft:wind_charge":8,"minecraft:furnace":1,"minecraft:iron_boots":1,"minecraft:stone_pickaxe":1,"minecraft:bricks":16,"minecraft:wheat":81,"minecraft:cooked_beef":9,"minecraft:diamond_sword":1,"minecraft:crafting_table":3,"minecraft:wooden_pickaxe":1,"minecraft:iron_helmet":1,"minecraft:birch_planks":28,"minecraft:stone_axe":1,"minecraft:bread":27,"minecraft:air":0,"minecraft:iron_chestplate":1,"minecraft:diamond_pickaxe":1,"minecraft:shield":1,"minecraft:stick":12,"minecraft:wooden_axe":1,"minecraft:iron_leggings":1},"minecraft:used":{"minecraft:tuff_bricks":9,"minecraft:trident":17,"minecraft:shield":71,"minecraft:cooked_chicken":8,"minecraft:trial_key":7,"minecraft:torch":1,"minecraft:dirt":13,"minecraft:waxed_copper_grate":1,"minecraft:tuff":1,"minecraft:waxed_oxidized_copper":1,"minecraft:wooden_axe":3,"minecraft:bricks":12,"minecraft:diamond_chestplate":1,"minecraft:golden_carrot":2,"minecraft:ominous_bottle":1,"minecraft:furnace":1,"minecraft:cooked_beef":10,"minecraft:cobbled_deepslate":61,"minecraft:iron_leggings":1,"minecraft:cooked_mutton":1,"minecraft:water_bucket":14,"minecraft:stone_pickaxe":20,"minecraft:baked_potato":6,"minecraft:oak_planks":13,"minecraft:wooden_pickaxe":8,"minecraft:birch_boat":1,"minecraft:waxed_copper_block":1,"minecraft:golden_apple":1,"minecraft:crafting_table":5,"minecraft:polished_tuff":2,"minecraft:diamond_pickaxe":37,"minecraft:ominous_trial_key":1,"minecraft:wind_charge":8,"minecraft:bread":27,"minecraft:stone_axe":17,"minecraft:diamond_sword":447,"minecraft:cobblestone":6,"minecraft:potion":3,"minecraft:bucket":12,"minecraft:yellow_bed":3},"minecraft:mined":{"minecraft:tuff":1,"minecraft:white_bed":1,"minecraft:potted_dead_bush":2,"minecraft:grass_block":3,"minecraft:decorated_pot":23,"minecraft:red_mushroom":4,"minecraft:tuff_bricks":10,"minecraft:hay_block":9,"minecraft:furnace":1,"minecraft:waxed_copper_grate":6,"minecraft:cobbled_deepslate":1,"minecraft:fire":12,"minecraft:polished_tuff":2,"minecraft:oxidized_copper_trapdoor":1,"minecraft:red_tulip":1,"minecraft:stone":13,"minecraft:crafting_table":2,"minecraft:short_grass":7,"minecraft:tall_grass":3,"minecraft:cobblestone":5,"minecraft:birch_log":7,"minecraft:waxed_oxidized_cut_copper_stairs":1,"minecraft:waxed_copper_block":6,"minecraft:yellow_bed":2,"minecraft:oak_log":6,"minecraft:coal_ore":12,"minecraft:waxed_oxidized_copper":2,"minecraft:dirt":9,"minecraft:cobweb":11},"minecraft:dropped":{"minecraft:bread":10,"minecraft:birch_planks":2,"minecraft:porkchop":3,"minecraft:wheat_seeds":20,"minecraft:cooked_beef":4,"minecraft:baked_potato":8,"minecraft:glass_bottle":3,"minecraft:cobblestone":3,"minecraft:waxed_copper_grate":2,"minecraft:ominous_trial_key":1,"minecraft:red_mushroom":3,"minecraft:stick":1,"minecraft:dirt":18,"minecraft:mutton":4,"minecraft:scrape_pottery_sherd":2,"minecraft:wooden_axe":1,"minecraft:potion":1,"minecraft:string":19,"minecraft:white_wool":2,"minecraft:bone":7,"minecraft:furnace":1,"minecraft:bricks":4,"minecraft:stone_axe":2,"minecraft:flow_pottery_sherd":1,"minecraft:cooked_chicken":3,"minecraft:cobbled_deepslate":47,"minecraft:wheat":5,"minecraft:rotten_flesh":54,"minecraft:oak_planks":3,"minecraft:waxed_copper_block":1,"minecraft:shield":3,"minecraft:flower_pot":2,"minecraft:trial_key":1,"minecraft:iron_chestplate":1,"minecraft:spider_eye":18,"minecraft:wooden_pickaxe":1,"minecraft:bow":1,"minecraft:beef":3,"minecraft:waxed_exposed_copper_bulb":1,"minecraft:stone_pickaxe":1,"minecraft:red_tulip":1,"minecraft:brick":2}},"DataVersion":3953}