{"stats":{"minecraft:dropped":{"minecraft:wheat_seeds":39,"minecraft:cooked_beef":2,"minecraft:oak_log":296,"minecraft:feather":2,"minecraft:cobblestone":134,"minecraft:iron_helmet":1,"minecraft:stick":2,"minecraft:dirt":255,"minecraft:diorite":28,"minecraft:ink_sac":2,"minecraft:iron_leggings":1,"minecraft:iron_axe":1,"minecraft:iron_pickaxe":2,"minecraft:string":3,"minecraft:birch_log":70,"minecraft:gravel":30,"minecraft:raw_copper":6,"minecraft:iron_nugget":20,"minecraft:cobbled_deepslate":5,"minecraft:birch_sapling":2,"minecraft:rotten_flesh":27,"minecraft:iron_hoe":1,"minecraft:carrot":3,"minecraft:allium":1,"minecraft:iron_chestplate":1,"minecraft:spider_eye":4,"minecraft:stone_pickaxe":2,"minecraft:bread":7,"minecraft:golden_boots":1,"minecraft:cherry_fence":37,"minecraft:iron_ingot":25,"minecraft:iron_sword":2},"minecraft:picked_up":{"minecraft:crafting_table":2,"minecraft:iron_chestplate":1,"minecraft:wheat":128,"minecraft:allium":7,"minecraft:azure_bluet":4,"minecraft:chicken":2,"minecraft:oak_stairs":8,"minecraft:stripped_cherry_log":1,"minecraft:nether_brick":64,"minecraft:shield":1,"minecraft:string":18,"minecraft:raw_copper":6,"minecraft:iron_leggings":1,"minecraft:shroomlight":4,"minecraft:beetroot":10,"minecraft:gold_nugget":11,"minecraft:cobbled_deepslate":141,"minecraft:beef":18,"minecraft:oak_boat":1,"minecraft:poppy":1,"minecraft:iron_pickaxe":1,"minecraft:sugar_cane":103,"minecraft:birch_sapling":22,"minecraft:furnace":3,"minecraft:egg":1,"minecraft:stick":152,"minecraft:raw_iron":181,"minecraft:torch":56,"minecraft:porkchop":19,"minecraft:cherry_log":121,"minecraft:diorite":66,"minecraft:carrot":28,"minecraft:redstone":18,"minecraft:cherry_fence_gate":1,"minecraft:arrow":30,"minecraft:weeping_vines":1,"minecraft:rotten_flesh":64,"minecraft:beetroot_seeds":32,"minecraft:gold_ingot":13,"minecraft:blaze_rod":3,"minecraft:mutton":9,"minecraft:obsidian":19,"minecraft:white_wool":4,"minecraft:cobblestone":1071,"minecraft:birch_log":123,"minecraft:pink_petals":77,"minecraft:clock":1,"minecraft:feather":6,"minecraft:cherry_planks":24,"minecraft:glow_ink_sac":3,"minecraft:water_bucket":1,"minecraft:andesite":10,"minecraft:leather":13,"minecraft:potato":33,"minecraft:birch_planks":3,"minecraft:flint":11,"minecraft:tuff":6,"minecraft:oak_log":563,"minecraft:cherry_fence":17,"minecraft:nether_wart_block":1,"minecraft:golden_boots":2,"minecraft:yellow_bed":1,"minecraft:gunpowder":5,"minecraft:lapis_lazuli":217,"minecraft:dirt":1769,"minecraft:bone":37,"minecraft:apple":19,"minecraft:bow":2,"minecraft:wheat_seeds":440,"minecraft:orange_tulip":10,"minecraft:raw_gold":32,"minecraft:iron_ingot":27,"minecraft:stone_pickaxe":1,"minecraft:rabbit":2,"minecraft:iron_sword":4,"minecraft:oak_planks":65,"minecraft:cooked_porkchop":11,"minecraft:waxed_exposed_copper_bulb":1,"minecraft:quartz":43,"minecraft:dandelion":9,"minecraft:gravel":118,"minecraft:sand":437,"minecraft:birch_stairs":3,"minecraft:ink_sac":2,"minecraft:spider_eye":4,"minecraft:diamond":96,"minecraft:iron_helmet":1,"minecraft:granite":108,"minecraft:diamond_axe":1,"minecraft:cherry_sapling":77,"minecraft:bread":1,"minecraft:oak_sapling":114,"minecraft:netherrack":618,"minecraft:coal":612,"minecraft:crimson_roots":2,"minecraft:diamond_pickaxe":1},"minecraft:custom":{"minecraft:interact_with_smithing_table":1,"minecraft:mob_kills":136,"minecraft:interact_with_crafting_table":96,"minecraft:leave_game":9,"minecraft:time_since_death":481587,"minecraft:sprint_one_cm":1534090,"minecraft:walk_one_cm":2657791,"minecraft:damage_blocked_by_shield":2754,"minecraft:drop":59,"minecraft:talked_to_villager":1,"minecraft:play_time":622211,"minecraft:deaths":1,"minecraft:sneak_time":40460,"minecraft:walk_under_water_one_cm":38239,"minecraft:jump":9856,"minecraft:walk_on_water_one_cm":94391,"minecraft:enchant_item":3,"minecraft:total_world_time":622211,"minecraft:interact_with_furnace":127,"minecraft:sleep_in_bed":7,"minecraft:time_since_rest":31306,"minecraft:damage_taken":5271,"minecraft:damage_dealt":23880,"minecraft:swim_one_cm":13245,"minecraft:fly_one_cm":1767295,"minecraft:player_kills":1,"minecraft:open_chest":88,"minecraft:crouch_one_cm":128376,"minecraft:interact_with_smoker":5,"minecraft:fall_one_cm":191999},"minecraft:broken":{"minecraft:iron_shovel":7,"minecraft:wooden_shovel":1,"minecraft:golden_shovel":1,"minecraft:stone_pickaxe":2,"minecraft:wooden_pickaxe":1,"minecraft:iron_pickaxe":3,"minecraft:wooden_axe":1,"minecraft:iron_hoe":1},"minecraft:used":{"minecraft:beetroot":10,"minecraft:oak_fence":21,"minecraft:cherry_sapling":77,"minecraft:enchanting_table":1,"minecraft:iron_shovel":2074,"minecraft:flint_and_steel":32,"minecraft:poppy":1,"minecraft:chest":11,"minecraft:shield":71,"minecraft:iron_sword":218,"minecraft:wooden_shovel":59,"minecraft:cooked_chicken":2,"minecraft:netherrack":61,"minecraft:oak_door":3,"minecraft:iron_chestplate":1,"minecraft:torch":866,"minecraft:dirt":890,"minecraft:carrot":25,"minecraft:allium":6,"minecraft:golden_shovel":17,"minecraft:tuff":1,"minecraft:granite":30,"minecraft:azure_bluet":4,"minecraft:obsidian":15,"minecraft:shroomlight":64,"minecraft:glass":613,"minecraft:iron_hoe":266,"minecraft:wooden_axe":39,"minecraft:lava_bucket":4,"minecraft:quartz_pillar":1,"minecraft:birch_sapling":9,"minecraft:iron_helmet":1,"minecraft:furnace":12,"minecraft:oak_sapling":78,"minecraft:beetroot_seeds":32,"minecraft:egg":1,"minecraft:cooked_beef":16,"minecraft:potato":15,"minecraft:cobbled_deepslate":118,"minecraft:cherry_fence":203,"minecraft:cherry_log":3,"minecraft:cooked_mutton":13,"minecraft:wheat_seeds":401,"minecraft:golden_boots":1,"minecraft:water_bucket":114,"minecraft:diorite":3,"minecraft:birch_planks":3,"minecraft:oak_planks":201,"minecraft:stone_pickaxe":299,"minecraft:baked_potato":16,"minecraft:orange_tulip":7,"minecraft:wooden_pickaxe":59,"minecraft:sugar_cane":62,"minecraft:diamond_axe":1113,"minecraft:tnt":56,"minecraft:crafting_table":12,"minecraft:smoker":1,"minecraft:oak_log":14,"minecraft:diamond_pickaxe":1932,"minecraft:apple":19,"minecraft:diamond_shovel":501,"minecraft:bread":28,"minecraft:iron_pickaxe":751,"minecraft:gravel":18,"minecraft:pink_petals":65,"minecraft:diamond_sword":106,"minecraft:nether_wart_block":1,"minecraft:fire_charge":1,"minecraft:cobblestone":356,"minecraft:bucket":119,"minecraft:cooked_porkchop":27,"minecraft:andesite":6,"minecraft:birch_log":2,"minecraft:yellow_bed":1,"minecraft:oak_boat":1,"minecraft:stripped_cherry_log":1,"minecraft:bone_meal":45,"minecraft:dandelion":9,"minecraft:birch_stairs":51},"minecraft:killed":{"minecraft:spider":11,"minecraft:skeleton":24,"minecraft:chicken":2,"minecraft:magma_cube":3,"minecraft:pig":9,"minecraft:hoglin":3,"minecraft:creeper":3,"minecraft:sheep":5,"minecraft:zombie":56,"minecraft:wither_skeleton":2,"minecraft:blaze":5,"minecraft:cow":11},"minecraft:mined":{"minecraft:nether_gold_ore":4,"minecraft:tuff":7,"minecraft:oak_sapling":2,"minecraft:deepslate_diamond_ore":24,"minecraft:cherry_log":121,"minecraft:cherry_sapling":23,"minecraft:stripped_cherry_log":1,"minecraft:obsidian":19,"minecraft:granite":59,"minecraft:allium":8,"minecraft:grass_block":1136,"minecraft:crimson_roots":1,"minecraft:weeping_vines_plant":1,"minecraft:furnace":2,"minecraft:carrots":9,"minecraft:fire":5,"minecraft:iron_ore":129,"minecraft:cobbled_deepslate":15,"minecraft:andesite":22,"minecraft:deepslate_lapis_ore":11,"minecraft:azure_bluet":3,"minecraft:dirt_path":131,"minecraft:potatoes":9,"minecraft:pointed_dripstone":3,"minecraft:deepslate_iron_ore":35,"minecraft:shroomlight":4,"minecraft:oak_stairs":15,"minecraft:stone":1074,"minecraft:deepslate_redstone_ore":2,"minecraft:birch_stairs":3,"minecraft:waxed_exposed_copper_bulb":1,"minecraft:crimson_nylium":49,"minecraft:dandelion":1,"minecraft:crafting_table":2,"minecraft:torch":22,"minecraft:short_grass":197,"minecraft:cobblestone":87,"minecraft:copper_ore":2,"minecraft:glass":4,"minecraft:nether_quartz_ore":47,"minecraft:tall_grass":29,"minecraft:deepslate_coal_ore":4,"minecraft:deepslate_gold_ore":17,"minecraft:lapis_ore":8,"minecraft:oak_planks":42,"minecraft:sugar_cane":37,"minecraft:diorite":34,"minecraft:wall_torch":3,"minecraft:pink_petals":27,"minecraft:cherry_fence":14,"minecraft:birch_planks":3,"minecraft:nether_wart_block":1,"minecraft:birch_log":104,"minecraft:wheat":147,"minecraft:birch_leaves":4,"minecraft:yellow_bed":1,"minecraft:coal_ore":496,"minecraft:oak_log":531,"minecraft:beetroots":14,"minecraft:cherry_leaves":67,"minecraft:gravel":121,"minecraft:sand":452,"minecraft:dirt":618,"minecraft:netherrack":712,"minecraft:gold_ore":9,"minecraft:oak_leaves":111,"minecraft:deepslate":120},"minecraft:crafted":{"minecraft:cherry_planks":408,"minecraft:oak_door":3,"minecraft:oak_planks":392,"minecraft:cooked_chicken":2,"minecraft:furnace":11,"minecraft:bone_meal":45,"minecraft:diamond_shovel":1,"minecraft:cooked_mutton":13,"minecraft:flint_and_steel":1,"minecraft:glass":425,"minecraft:quartz_block":10,"minecraft:diamond_helmet":1,"minecraft:diamond_leggings":1,"minecraft:iron_axe":1,"minecraft:iron_hoe":2,"minecraft:stone_pickaxe":3,"minecraft:chest":11,"minecraft:oak_fence":21,"minecraft:cherry_fence":252,"minecraft:golden_boots":2,"minecraft:smoker":1,"minecraft:cooked_beef":18,"minecraft:sugar":15,"minecraft:wooden_shovel":1,"minecraft:diamond_sword":1,"minecraft:cooked_porkchop":26,"minecraft:diamond_axe":1,"minecraft:crafting_table":10,"minecraft:enchanting_table":1,"minecraft:wooden_pickaxe":1,"minecraft:baked_potato":18,"minecraft:iron_helmet":2,"minecraft:iron_sword":2,"minecraft:birch_planks":132,"minecraft:bucket":2,"minecraft:bread":41,"minecraft:air":0,"minecraft:charcoal":1,"minecraft:paper":24,"minecraft:book":8,"minecraft:iron_chestplate":1,"minecraft:diamond_pickaxe":3,"minecraft:shield":2,"minecraft:stick":332,"minecraft:iron_ingot":116,"minecraft:iron_pickaxe":5,"minecraft:wooden_axe":1,"minecraft:gold_ingot":14,"minecraft:iron_shovel":8,"minecraft:iron_leggings":2,"minecraft:torch":840,"minecraft:birch_stairs":56,"minecraft:diamond_chestplate":1}},"DataVersion":3953}