{"stats":{"minecraft:crafted":{"minecraft:oak_planks":480,"minecraft:cooked_chicken":2,"minecraft:diamond_shovel":1,"minecraft:cooked_mutton":13,"minecraft:quartz_block":10,"minecraft:glass":425,"minecraft:diamond_helmet":1,"minecraft:diamond_leggings":1,"minecraft:chest":14,"minecraft:oak_fence":21,"minecraft:cherry_fence":252,"minecraft:golden_boots":2,"minecraft:smoker":1,"minecraft:wooden_shovel":1,"minecraft:cooked_porkchop":26,"minecraft:diamond_axe":1,"minecraft:crafting_table":13,"minecraft:baked_potato":18,"minecraft:wooden_pickaxe":1,"minecraft:iron_helmet":2,"minecraft:birch_planks":196,"minecraft:iron_chestplate":1,"minecraft:book":8,"minecraft:paper":24,"minecraft:diamond_pickaxe":5,"minecraft:charcoal":1,"minecraft:shield":2,"minecraft:stick":332,"minecraft:iron_ingot":165,"minecraft:iron_pickaxe":5,"minecraft:gold_ingot":14,"minecraft:birch_stairs":56,"minecraft:shears":3,"minecraft:cherry_planks":408,"minecraft:oak_door":3,"minecraft:diamond_hoe":2,"minecraft:furnace":11,"minecraft:bone_meal":45,"minecraft:flint_and_steel":1,"minecraft:iron_axe":1,"minecraft:iron_hoe":2,"minecraft:stone_pickaxe":3,"minecraft:cooked_beef":18,"minecraft:sugar":15,"minecraft:diamond_sword":1,"minecraft:enchanting_table":1,"minecraft:iron_sword":2,"minecraft:bucket":4,"minecraft:bread":41,"minecraft:air":0,"minecraft:wooden_axe":1,"minecraft:iron_shovel":8,"minecraft:iron_leggings":2,"minecraft:torch":904,"minecraft:diamond_chestplate":1},"minecraft:picked_up":{"minecraft:iron_chestplate":1,"minecraft:wheat":128,"minecraft:diamond_sword":1,"minecraft:oak_stairs":8,"minecraft:nether_brick":64,"minecraft:golden_sword":1,"minecraft:string":21,"minecraft:raw_copper":6,"minecraft:iron_leggings":1,"minecraft:shroomlight":4,"minecraft:beetroot":10,"minecraft:gold_nugget":14,"minecraft:cobbled_deepslate":1019,"minecraft:iron_pickaxe":1,"minecraft:furnace":3,"minecraft:stick":227,"minecraft:torch":152,"minecraft:porkchop":19,"minecraft:cherry_log":121,"minecraft:diorite":66,"minecraft:quartz_block":256,"minecraft:stone_sword":1,"minecraft:rotten_flesh":81,"minecraft:blaze_rod":3,"minecraft:obsidian":30,"minecraft:cobblestone":1337,"minecraft:enchanting_table":1,"minecraft:birch_log":179,"minecraft:pink_petals":128,"minecraft:feather":6,"minecraft:cherry_planks":24,"minecraft:water_bucket":4,"minecraft:andesite":26,"minecraft:golden_leggings":1,"minecraft:potato":33,"minecraft:flint":11,"minecraft:tuff":121,"minecraft:cherry_fence":20,"minecraft:dirt":2068,"minecraft:lapis_lazuli":217,"minecraft:bone":47,"minecraft:bow":3,"minecraft:orange_tulip":10,"minecraft:wheat_seeds":530,"minecraft:raw_gold":38,"minecraft:rabbit":2,"minecraft:oak_planks":72,"minecraft:cooked_porkchop":12,"minecraft:sand":437,"minecraft:ink_sac":2,"minecraft:diamond":127,"minecraft:granite":108,"minecraft:bread":1,"minecraft:oak_sapling":206,"minecraft:netherrack":654,"minecraft:oak_leaves":310,"minecraft:crimson_roots":2,"minecraft:diamond_pickaxe":1,"minecraft:crafting_table":2,"minecraft:allium":7,"minecraft:azure_bluet":4,"minecraft:chicken":2,"minecraft:stripped_cherry_log":2,"minecraft:shield":1,"minecraft:iron_axe":1,"minecraft:iron_shovel":1,"minecraft:beef":18,"minecraft:oak_boat":1,"minecraft:poppy":1,"minecraft:sugar_cane":189,"minecraft:birch_sapling":32,"minecraft:egg":1,"minecraft:raw_iron":181,"minecraft:carrot":28,"minecraft:redstone":264,"minecraft:cherry_fence_gate":1,"minecraft:weeping_vines":1,"minecraft:arrow":43,"minecraft:beetroot_seeds":32,"minecraft:gold_ingot":13,"minecraft:mutton":9,"minecraft:white_wool":4,"minecraft:birch_leaves":1,"minecraft:clock":1,"minecraft:glow_ink_sac":3,"minecraft:leather":13,"minecraft:birch_planks":13,"minecraft:oak_log":915,"minecraft:yellow_bed":1,"minecraft:golden_boots":2,"minecraft:nether_wart_block":1,"minecraft:gunpowder":8,"minecraft:apple":33,"minecraft:iron_ingot":27,"minecraft:stone_pickaxe":1,"minecraft:iron_sword":4,"minecraft:quartz":43,"minecraft:waxed_exposed_copper_bulb":1,"minecraft:dandelion":9,"minecraft:gravel":126,"minecraft:birch_stairs":3,"minecraft:spider_eye":4,"minecraft:iron_helmet":1,"minecraft:diamond_axe":1,"minecraft:cherry_sapling":82,"minecraft:coal":612},"minecraft:mined":{"minecraft:oak_sapling":2,"minecraft:sculk_vein":221,"minecraft:cherry_log":121,"minecraft:obsidian":30,"minecraft:granite":59,"minecraft:grass_block":1364,"minecraft:weeping_vines_plant":1,"minecraft:cobbled_deepslate":45,"minecraft:iron_ore":129,"minecraft:fire":6,"minecraft:deepslate_lapis_ore":11,"minecraft:azure_bluet":3,"minecraft:enchanting_table":1,"minecraft:pointed_dripstone":3,"minecraft:dirt_path":144,"minecraft:oak_stairs":15,"minecraft:deepslate_redstone_ore":57,"minecraft:crimson_nylium":49,"minecraft:torch":23,"minecraft:nether_quartz_ore":47,"minecraft:glass":4,"minecraft:cobblestone":90,"minecraft:sugar_cane":67,"minecraft:oak_planks":49,"minecraft:wall_torch":6,"minecraft:pink_petals":34,"minecraft:cherry_fence":17,"minecraft:nether_wart_block":1,"minecraft:wheat":147,"minecraft:birch_log":160,"minecraft:oak_log":885,"minecraft:beetroots":15,"minecraft:sand":452,"minecraft:dirt":665,"minecraft:netherrack":734,"minecraft:deepslate":646,"minecraft:oak_leaves":539,"minecraft:nether_gold_ore":4,"minecraft:tuff":76,"minecraft:deepslate_diamond_ore":56,"minecraft:cherry_sapling":23,"minecraft:stripped_cherry_log":2,"minecraft:allium":8,"minecraft:crimson_roots":1,"minecraft:furnace":2,"minecraft:carrots":9,"minecraft:andesite":46,"minecraft:potatoes":9,"minecraft:shroomlight":4,"minecraft:deepslate_iron_ore":35,"minecraft:stone":1351,"minecraft:waxed_exposed_copper_bulb":1,"minecraft:birch_stairs":3,"minecraft:dandelion":1,"minecraft:crafting_table":2,"minecraft:short_grass":207,"minecraft:sculk_sensor":23,"minecraft:tall_grass":35,"minecraft:copper_ore":2,"minecraft:deepslate_coal_ore":4,"minecraft:lapis_ore":8,"minecraft:deepslate_gold_ore":23,"minecraft:sculk":2627,"minecraft:diorite":34,"minecraft:birch_planks":7,"minecraft:birch_leaves":5,"minecraft:yellow_bed":1,"minecraft:coal_ore":497,"minecraft:cherry_leaves":67,"minecraft:gravel":128,"minecraft:gold_ore":9},"minecraft:custom":{"minecraft:interact_with_crafting_table":106,"minecraft:leave_game":13,"minecraft:time_since_death":767837,"minecraft:sprint_one_cm":2074732,"minecraft:damage_blocked_by_shield":4459,"minecraft:drop":143,"minecraft:talked_to_villager":3,"minecraft:play_time":908461,"minecraft:deaths":1,"minecraft:jump":13172,"minecraft:walk_on_water_one_cm":123014,"minecraft:enchant_item":21,"minecraft:interact_with_furnace":131,"minecraft:sleep_in_bed":12,"minecraft:damage_dealt":36266,"minecraft:player_kills":2,"minecraft:crouch_one_cm":178574,"minecraft:interact_with_smoker":5,"minecraft:interact_with_smithing_table":1,"minecraft:interact_with_anvil":1,"minecraft:mob_kills":186,"minecraft:walk_one_cm":3684129,"minecraft:sneak_time":56819,"minecraft:walk_under_water_one_cm":58775,"minecraft:total_world_time":908461,"minecraft:interact_with_grindstone":3,"minecraft:time_since_rest":62047,"minecraft:damage_taken":6580,"minecraft:trigger_trapped_chest":12,"minecraft:swim_one_cm":13310,"minecraft:fly_one_cm":2617327,"minecraft:open_chest":115,"minecraft:fall_one_cm":240917},"minecraft:killed":{"minecraft:zombified_piglin":3,"minecraft:spider":15,"minecraft:skeleton":35,"minecraft:chicken":2,"minecraft:magma_cube":3,"minecraft:pig":9,"minecraft:creeper":9,"minecraft:sheep":5,"minecraft:zombie":71,"minecraft:blaze":5,"minecraft:cow":11,"minecraft:hoglin":3,"minecraft:wither_skeleton":3},"minecraft:dropped":{"minecraft:iron_sword":2,"minecraft:cooked_beef":2,"minecraft:oak_log":616,"minecraft:baked_potato":2,"minecraft:diamond":25,"minecraft:cooked_porkchop":12,"minecraft:dirt":280,"minecraft:iron_pickaxe":2,"minecraft:birch_log":70,"minecraft:gravel":38,"minecraft:iron_nugget":20,"minecraft:cobbled_deepslate":743,"minecraft:birch_sapling":2,"minecraft:rotten_flesh":42,"minecraft:oak_planks":20,"minecraft:carrot":3,"minecraft:arrow":2,"minecraft:cherry_fence":37,"minecraft:netherrack":36,"minecraft:iron_ingot":25,"minecraft:golden_boots":1,"minecraft:bread":14,"minecraft:wheat_seeds":40,"minecraft:diamond_leggings":1,"minecraft:iron_helmet":1,"minecraft:feather":2,"minecraft:cobblestone":134,"minecraft:apple":14,"minecraft:coal":6,"minecraft:stick":8,"minecraft:diorite":28,"minecraft:ink_sac":2,"minecraft:diamond_helmet":1,"minecraft:iron_leggings":1,"minecraft:iron_axe":2,"minecraft:iron_shovel":1,"minecraft:string":4,"minecraft:bucket":3,"minecraft:raw_copper":6,"minecraft:tuff":104,"minecraft:iron_hoe":1,"minecraft:diamond_sword":3,"minecraft:shield":2,"minecraft:allium":1,"minecraft:diamond_chestplate":2,"minecraft:diamond_pickaxe":3,"minecraft:iron_chestplate":1,"minecraft:oak_sapling":2,"minecraft:spider_eye":4,"minecraft:bow":1,"minecraft:stone_pickaxe":2},"minecraft:used":{"minecraft:beetroot":10,"minecraft:cherry_sapling":82,"minecraft:iron_shovel":2074,"minecraft:diamond_hoe":2788,"minecraft:poppy":1,"minecraft:shield":97,"minecraft:chest":14,"minecraft:iron_sword":218,"minecraft:iron_chestplate":1,"minecraft:carrot":25,"minecraft:allium":6,"minecraft:tuff":2,"minecraft:azure_bluet":4,"minecraft:obsidian":26,"minecraft:glass":1687,"minecraft:lava_bucket":4,"minecraft:quartz_pillar":576,"minecraft:birch_sapling":19,"minecraft:iron_helmet":1,"minecraft:bow":35,"minecraft:oak_sapling":168,"minecraft:furnace":12,"minecraft:beetroot_seeds":32,"minecraft:egg":1,"minecraft:potato":15,"minecraft:golden_boots":1,"minecraft:diorite":3,"minecraft:stone_pickaxe":299,"minecraft:oak_planks":201,"minecraft:orange_tulip":7,"minecraft:wooden_pickaxe":59,"minecraft:diamond_axe":1639,"minecraft:sugar_cane":148,"minecraft:oak_leaves":115,"minecraft:shears":325,"minecraft:bread":28,"minecraft:gravel":18,"minecraft:nether_wart_block":1,"minecraft:diamond_sword":319,"minecraft:fire_charge":1,"minecraft:birch_log":2,"minecraft:andesite":6,"minecraft:oak_boat":1,"minecraft:stripped_cherry_log":1,"minecraft:bone_meal":85,"minecraft:oak_fence":21,"minecraft:enchanting_table":5,"minecraft:flint_and_steel":34,"minecraft:wooden_shovel":59,"minecraft:cooked_chicken":2,"minecraft:netherrack":61,"minecraft:oak_door":3,"minecraft:torch":1083,"minecraft:dirt":1154,"minecraft:golden_shovel":17,"minecraft:granite":30,"minecraft:shroomlight":142,"minecraft:birch_door":11,"minecraft:iron_hoe":266,"minecraft:wooden_axe":39,"minecraft:bookshelf":155,"minecraft:goat_horn":2,"minecraft:trapped_chest":2,"minecraft:cooked_beef":16,"minecraft:cobbled_deepslate":224,"minecraft:cherry_fence":203,"minecraft:cherry_log":3,"minecraft:wheat_seeds":401,"minecraft:cooked_mutton":13,"minecraft:water_bucket":122,"minecraft:birch_planks":945,"minecraft:baked_potato":16,"minecraft:tnt":57,"minecraft:crafting_table":15,"minecraft:smoker":1,"minecraft:oak_log":14,"minecraft:diamond_pickaxe":3041,"minecraft:apple":19,"minecraft:diamond_shovel":883,"minecraft:iron_pickaxe":751,"minecraft:pink_petals":426,"minecraft:cobblestone":356,"minecraft:cooked_porkchop":58,"minecraft:bucket":124,"minecraft:yellow_bed":1,"minecraft:dandelion":9,"minecraft:splash_potion":7,"minecraft:birch_stairs":83},"minecraft:broken":{"minecraft:iron_shovel":7,"minecraft:wooden_shovel":1,"minecraft:shears":1,"minecraft:golden_shovel":1,"minecraft:stone_pickaxe":2,"minecraft:wooden_axe":1,"minecraft:diamond_hoe":1,"minecraft:iron_hoe":1,"minecraft:wooden_pickaxe":1,"minecraft:iron_pickaxe":3}},"DataVersion":3953}