{"stats":{"minecraft:picked_up":{"minecraft:iron_chestplate":1,"minecraft:crafting_table":1,"minecraft:allium":7,"minecraft:wheat":24,"minecraft:azure_bluet":4,"minecraft:chicken":2,"minecraft:shield":1,"minecraft:string":12,"minecraft:raw_copper":6,"minecraft:iron_leggings":1,"minecraft:beetroot":3,"minecraft:cobbled_deepslate":128,"minecraft:poppy":1,"minecraft:iron_pickaxe":1,"minecraft:birch_sapling":7,"minecraft:egg":1,"minecraft:furnace":3,"minecraft:stick":58,"minecraft:raw_iron":105,"minecraft:torch":35,"minecraft:porkchop":10,"minecraft:cherry_log":93,"minecraft:diorite":31,"minecraft:carrot":28,"minecraft:redstone":18,"minecraft:rotten_flesh":37,"minecraft:arrow":19,"minecraft:beetroot_seeds":11,"minecraft:gold_ingot":13,"minecraft:mutton":4,"minecraft:white_wool":2,"minecraft:cobblestone":513,"minecraft:birch_log":53,"minecraft:clock":1,"minecraft:feather":6,"minecraft:water_bucket":1,"minecraft:andesite":4,"minecraft:potato":3,"minecraft:birch_planks":3,"minecraft:flint":7,"minecraft:tuff":1,"minecraft:oak_log":116,"minecraft:cherry_fence":1,"minecraft:golden_boots":1,"minecraft:gunpowder":4,"minecraft:lapis_lazuli":192,"minecraft:dirt":1305,"minecraft:bone":20,"minecraft:apple":4,"minecraft:wheat_seeds":120,"minecraft:orange_tulip":10,"minecraft:raw_gold":26,"minecraft:iron_ingot":26,"minecraft:stone_pickaxe":1,"minecraft:rabbit":2,"minecraft:iron_sword":2,"minecraft:oak_planks":24,"minecraft:cooked_porkchop":6,"minecraft:dandelion":9,"minecraft:sand":4,"minecraft:gravel":48,"minecraft:birch_stairs":2,"minecraft:spider_eye":2,"minecraft:diamond":30,"minecraft:iron_helmet":1,"minecraft:diamond_axe":1,"minecraft:granite":91,"minecraft:cherry_sapling":55,"minecraft:bread":1,"minecraft:oak_sapling":16,"minecraft:coal":336,"minecraft:diamond_pickaxe":1},"minecraft:broken":{"minecraft:iron_shovel":5,"minecraft:wooden_shovel":1,"minecraft:golden_shovel":1,"minecraft:wooden_pickaxe":1,"minecraft:stone_pickaxe":2,"minecraft:iron_pickaxe":3,"minecraft:wooden_axe":1},"minecraft:custom":{"minecraft:interact_with_smithing_table":1,"minecraft:mob_kills":62,"minecraft:interact_with_crafting_table":40,"minecraft:leave_game":6,"minecraft:time_since_death":136286,"minecraft:sprint_one_cm":574181,"minecraft:walk_one_cm":1212942,"minecraft:damage_blocked_by_shield":1488,"minecraft:drop":29,"minecraft:play_time":276910,"minecraft:deaths":1,"minecraft:sneak_time":20421,"minecraft:walk_under_water_one_cm":1696,"minecraft:jump":4334,"minecraft:walk_on_water_one_cm":6886,"minecraft:total_world_time":276910,"minecraft:interact_with_furnace":34,"minecraft:sleep_in_bed":1,"minecraft:time_since_rest":10920,"minecraft:damage_taken":2352,"minecraft:damage_dealt":10715,"minecraft:player_kills":1,"minecraft:swim_one_cm":2637,"minecraft:fly_one_cm":527266,"minecraft:open_chest":14,"minecraft:crouch_one_cm":76241,"minecraft:fall_one_cm":88734},"minecraft:killed":{"minecraft:spider":6,"minecraft:skeleton":10,"minecraft:chicken":2,"minecraft:pig":5,"minecraft:creeper":1,"minecraft:sheep":2,"minecraft:zombie":34,"minecraft:cow":1},"minecraft:used":{"minecraft:beetroot":3,"minecraft:oak_fence":21,"minecraft:cherry_sapling":50,"minecraft:iron_shovel":1518,"minecraft:poppy":1,"minecraft:chest":4,"minecraft:shield":40,"minecraft:iron_sword":194,"minecraft:wooden_shovel":59,"minecraft:cooked_chicken":2,"minecraft:oak_door":3,"minecraft:iron_chestplate":1,"minecraft:torch":483,"minecraft:dirt":510,"minecraft:carrot":24,"minecraft:allium":6,"minecraft:golden_shovel":17,"minecraft:tuff":1,"minecraft:granite":30,"minecraft:azure_bluet":4,"minecraft:wooden_axe":39,"minecraft:birch_sapling":5,"minecraft:iron_helmet":1,"minecraft:oak_sapling":16,"minecraft:furnace":3,"minecraft:beetroot_seeds":9,"minecraft:egg":1,"minecraft:potato":2,"minecraft:cobbled_deepslate":115,"minecraft:cherry_fence":97,"minecraft:golden_boots":1,"minecraft:wheat_seeds":40,"minecraft:water_bucket":2,"minecraft:cooked_mutton":4,"minecraft:diorite":3,"minecraft:birch_planks":3,"minecraft:stone_pickaxe":299,"minecraft:oak_planks":152,"minecraft:orange_tulip":7,"minecraft:wooden_pickaxe":59,"minecraft:diamond_axe":285,"minecraft:crafting_table":8,"minecraft:diamond_pickaxe":122,"minecraft:apple":4,"minecraft:bread":9,"minecraft:iron_pickaxe":751,"minecraft:gravel":18,"minecraft:fire_charge":1,"minecraft:cobblestone":186,"minecraft:bucket":3,"minecraft:cooked_porkchop":18,"minecraft:andesite":4,"minecraft:birch_log":2,"minecraft:dandelion":9,"minecraft:bone_meal":36,"minecraft:birch_stairs":47},"minecraft:crafted":{"minecraft:cherry_planks":192,"minecraft:oak_door":3,"minecraft:oak_planks":344,"minecraft:cooked_chicken":2,"minecraft:furnace":2,"minecraft:bone_meal":36,"minecraft:cooked_mutton":4,"minecraft:stone_pickaxe":3,"minecraft:chest":4,"minecraft:cherry_fence":96,"minecraft:oak_fence":21,"minecraft:golden_boots":1,"minecraft:wooden_shovel":1,"minecraft:cooked_porkchop":17,"minecraft:diamond_axe":1,"minecraft:crafting_table":7,"minecraft:wooden_pickaxe":1,"minecraft:iron_helmet":2,"minecraft:iron_sword":2,"minecraft:bucket":1,"minecraft:birch_planks":132,"minecraft:bread":8,"minecraft:iron_chestplate":1,"minecraft:charcoal":1,"minecraft:diamond_pickaxe":1,"minecraft:shield":1,"minecraft:stick":196,"minecraft:iron_ingot":77,"minecraft:iron_pickaxe":4,"minecraft:wooden_axe":1,"minecraft:iron_shovel":6,"minecraft:iron_leggings":2,"minecraft:gold_ingot":14,"minecraft:torch":456,"minecraft:birch_stairs":56},"minecraft:dropped":{"minecraft:wheat_seeds":39,"minecraft:feather":2,"minecraft:iron_helmet":1,"minecraft:cobblestone":130,"minecraft:dirt":233,"minecraft:diorite":28,"minecraft:iron_leggings":1,"minecraft:iron_pickaxe":1,"minecraft:string":3,"minecraft:gravel":30,"minecraft:iron_nugget":20,"minecraft:raw_copper":6,"minecraft:cobbled_deepslate":5,"minecraft:birch_sapling":2,"minecraft:rotten_flesh":15,"minecraft:carrot":3,"minecraft:allium":1,"minecraft:spider_eye":2,"minecraft:stone_pickaxe":2},"minecraft:mined":{"minecraft:tuff":1,"minecraft:oak_sapling":1,"minecraft:deepslate_diamond_ore":18,"minecraft:cherry_log":94,"minecraft:cherry_sapling":9,"minecraft:granite":42,"minecraft:allium":8,"minecraft:grass_block":859,"minecraft:furnace":2,"minecraft:carrots":9,"minecraft:cobbled_deepslate":12,"minecraft:fire":1,"minecraft:iron_ore":57,"minecraft:andesite":14,"minecraft:deepslate_lapis_ore":7,"minecraft:azure_bluet":3,"minecraft:potatoes":1,"minecraft:deepslate_iron_ore":34,"minecraft:dirt_path":87,"minecraft:stone":612,"minecraft:deepslate_redstone_ore":2,"minecraft:birch_stairs":2,"minecraft:dandelion":1,"minecraft:crafting_table":1,"minecraft:torch":10,"minecraft:short_grass":82,"minecraft:cobblestone":1,"minecraft:tall_grass":15,"minecraft:copper_ore":2,"minecraft:deepslate_coal_ore":4,"minecraft:deepslate_gold_ore":17,"minecraft:lapis_ore":8,"minecraft:oak_planks":6,"minecraft:diorite":33,"minecraft:wall_torch":3,"minecraft:cherry_fence":1,"minecraft:birch_planks":3,"minecraft:birch_log":34,"minecraft:wheat":27,"minecraft:birch_leaves":1,"minecraft:coal_ore":225,"minecraft:oak_log":87,"minecraft:beetroots":7,"minecraft:cherry_leaves":51,"minecraft:gravel":46,"minecraft:sand":4,"minecraft:dirt":497,"minecraft:gold_ore":3,"minecraft:oak_leaves":36,"minecraft:deepslate":110}},"DataVersion":3953}