{"stats":{"minecraft:dropped":{"minecraft:wheat_seeds":39,"minecraft:cooked_beef":2,"minecraft:oak_log":296,"minecraft:feather":2,"minecraft:cobblestone":134,"minecraft:iron_helmet":1,"minecraft:stick":2,"minecraft:dirt":233,"minecraft:diorite":28,"minecraft:ink_sac":2,"minecraft:iron_leggings":1,"minecraft:iron_axe":1,"minecraft:iron_pickaxe":2,"minecraft:string":3,"minecraft:birch_log":28,"minecraft:gravel":30,"minecraft:iron_nugget":20,"minecraft:raw_copper":6,"minecraft:cobbled_deepslate":5,"minecraft:birch_sapling":2,"minecraft:rotten_flesh":20,"minecraft:iron_hoe":1,"minecraft:carrot":3,"minecraft:allium":1,"minecraft:iron_chestplate":1,"minecraft:spider_eye":3,"minecraft:stone_pickaxe":2,"minecraft:bread":7,"minecraft:golden_boots":1,"minecraft:cherry_fence":37,"minecraft:iron_ingot":25,"minecraft:iron_sword":2},"minecraft:picked_up":{"minecraft:crafting_table":2,"minecraft:iron_chestplate":1,"minecraft:allium":7,"minecraft:wheat":72,"minecraft:azure_bluet":4,"minecraft:chicken":2,"minecraft:oak_stairs":8,"minecraft:stripped_cherry_log":1,"minecraft:nether_brick":64,"minecraft:shield":1,"minecraft:string":16,"minecraft:raw_copper":6,"minecraft:iron_leggings":1,"minecraft:beetroot":10,"minecraft:gold_nugget":11,"minecraft:cobbled_deepslate":132,"minecraft:beef":18,"minecraft:oak_boat":1,"minecraft:poppy":1,"minecraft:iron_pickaxe":1,"minecraft:sugar_cane":103,"minecraft:birch_sapling":19,"minecraft:egg":1,"minecraft:furnace":3,"minecraft:stick":149,"minecraft:raw_iron":132,"minecraft:torch":46,"minecraft:porkchop":19,"minecraft:cherry_log":121,"minecraft:diorite":31,"minecraft:carrot":28,"minecraft:redstone":18,"minecraft:cherry_fence_gate":1,"minecraft:arrow":28,"minecraft:rotten_flesh":51,"minecraft:beetroot_seeds":32,"minecraft:gold_ingot":13,"minecraft:blaze_rod":3,"minecraft:mutton":9,"minecraft:obsidian":16,"minecraft:white_wool":4,"minecraft:cobblestone":909,"minecraft:birch_log":104,"minecraft:pink_petals":77,"minecraft:clock":1,"minecraft:feather":6,"minecraft:cherry_planks":24,"minecraft:water_bucket":1,"minecraft:andesite":8,"minecraft:leather":12,"minecraft:potato":9,"minecraft:birch_planks":3,"minecraft:flint":8,"minecraft:tuff":1,"minecraft:oak_log":502,"minecraft:cherry_fence":15,"minecraft:yellow_bed":1,"minecraft:golden_boots":2,"minecraft:nether_wart_block":1,"minecraft:gunpowder":5,"minecraft:lapis_lazuli":192,"minecraft:dirt":1544,"minecraft:bone":34,"minecraft:apple":18,"minecraft:bow":1,"minecraft:wheat_seeds":280,"minecraft:orange_tulip":10,"minecraft:raw_gold":26,"minecraft:iron_ingot":26,"minecraft:stone_pickaxe":1,"minecraft:rabbit":2,"minecraft:iron_sword":4,"minecraft:oak_planks":38,"minecraft:cooked_porkchop":6,"minecraft:quartz":3,"minecraft:dandelion":9,"minecraft:gravel":73,"minecraft:sand":138,"minecraft:birch_stairs":3,"minecraft:ink_sac":2,"minecraft:spider_eye":3,"minecraft:diamond":96,"minecraft:iron_helmet":1,"minecraft:granite":96,"minecraft:diamond_axe":1,"minecraft:cherry_sapling":72,"minecraft:bread":1,"minecraft:oak_sapling":107,"minecraft:netherrack":159,"minecraft:coal":467,"minecraft:diamond_pickaxe":1},"minecraft:custom":{"minecraft:interact_with_smithing_table":1,"minecraft:mob_kills":120,"minecraft:interact_with_crafting_table":82,"minecraft:leave_game":8,"minecraft:time_since_death":357804,"minecraft:sprint_one_cm":1256814,"minecraft:walk_one_cm":2218335,"minecraft:damage_blocked_by_shield":2474,"minecraft:drop":54,"minecraft:talked_to_villager":1,"minecraft:play_time":498428,"minecraft:deaths":1,"minecraft:sneak_time":31614,"minecraft:walk_under_water_one_cm":25177,"minecraft:jump":8098,"minecraft:walk_on_water_one_cm":61520,"minecraft:total_world_time":498428,"minecraft:interact_with_furnace":82,"minecraft:sleep_in_bed":3,"minecraft:time_since_rest":83052,"minecraft:damage_taken":4268,"minecraft:damage_dealt":20395,"minecraft:swim_one_cm":9175,"minecraft:fly_one_cm":1263809,"minecraft:player_kills":1,"minecraft:open_chest":69,"minecraft:crouch_one_cm":101127,"minecraft:fall_one_cm":166524},"minecraft:broken":{"minecraft:iron_shovel":6,"minecraft:wooden_shovel":1,"minecraft:golden_shovel":1,"minecraft:wooden_pickaxe":1,"minecraft:stone_pickaxe":2,"minecraft:iron_pickaxe":3,"minecraft:wooden_axe":1,"minecraft:iron_hoe":1},"minecraft:used":{"minecraft:beetroot":7,"minecraft:oak_fence":21,"minecraft:cherry_sapling":72,"minecraft:iron_shovel":1920,"minecraft:flint_and_steel":1,"minecraft:poppy":1,"minecraft:chest":10,"minecraft:shield":66,"minecraft:iron_sword":218,"minecraft:wooden_shovel":59,"minecraft:cooked_chicken":2,"minecraft:netherrack":14,"minecraft:oak_door":3,"minecraft:iron_chestplate":1,"minecraft:torch":730,"minecraft:dirt":758,"minecraft:carrot":25,"minecraft:allium":6,"minecraft:golden_shovel":17,"minecraft:tuff":1,"minecraft:granite":30,"minecraft:azure_bluet":4,"minecraft:obsidian":15,"minecraft:glass":128,"minecraft:iron_hoe":266,"minecraft:wooden_axe":39,"minecraft:lava_bucket":4,"minecraft:birch_sapling":5,"minecraft:iron_helmet":1,"minecraft:furnace":12,"minecraft:oak_sapling":68,"minecraft:beetroot_seeds":32,"minecraft:egg":1,"minecraft:cooked_beef":16,"minecraft:potato":9,"minecraft:cobbled_deepslate":115,"minecraft:cherry_fence":203,"minecraft:cherry_log":3,"minecraft:cooked_mutton":13,"minecraft:golden_boots":1,"minecraft:wheat_seeds":241,"minecraft:water_bucket":112,"minecraft:diorite":3,"minecraft:birch_planks":3,"minecraft:stone_pickaxe":299,"minecraft:oak_planks":157,"minecraft:orange_tulip":7,"minecraft:wooden_pickaxe":59,"minecraft:sugar_cane":62,"minecraft:diamond_axe":997,"minecraft:crafting_table":11,"minecraft:oak_log":14,"minecraft:diamond_pickaxe":935,"minecraft:apple":9,"minecraft:bread":17,"minecraft:iron_pickaxe":751,"minecraft:gravel":18,"minecraft:pink_petals":65,"minecraft:diamond_sword":47,"minecraft:nether_wart_block":1,"minecraft:fire_charge":1,"minecraft:cobblestone":352,"minecraft:bucket":116,"minecraft:cooked_porkchop":27,"minecraft:andesite":6,"minecraft:birch_log":2,"minecraft:oak_boat":1,"minecraft:yellow_bed":1,"minecraft:stripped_cherry_log":1,"minecraft:dandelion":9,"minecraft:bone_meal":45,"minecraft:birch_stairs":51},"minecraft:killed":{"minecraft:spider":8,"minecraft:skeleton":20,"minecraft:chicken":2,"minecraft:magma_cube":3,"minecraft:pig":9,"minecraft:hoglin":1,"minecraft:creeper":3,"minecraft:sheep":5,"minecraft:zombie":49,"minecraft:wither_skeleton":2,"minecraft:blaze":5,"minecraft:cow":11},"minecraft:mined":{"minecraft:nether_gold_ore":4,"minecraft:tuff":2,"minecraft:oak_sapling":2,"minecraft:deepslate_diamond_ore":24,"minecraft:cherry_log":121,"minecraft:cherry_sapling":18,"minecraft:stripped_cherry_log":1,"minecraft:obsidian":16,"minecraft:granite":48,"minecraft:allium":8,"minecraft:grass_block":1047,"minecraft:furnace":2,"minecraft:carrots":9,"minecraft:fire":2,"minecraft:iron_ore":80,"minecraft:cobbled_deepslate":12,"minecraft:andesite":20,"minecraft:deepslate_lapis_ore":7,"minecraft:azure_bluet":3,"minecraft:potatoes":3,"minecraft:dirt_path":108,"minecraft:deepslate_iron_ore":35,"minecraft:oak_stairs":15,"minecraft:stone":956,"minecraft:deepslate_redstone_ore":2,"minecraft:birch_stairs":3,"minecraft:crimson_nylium":4,"minecraft:dandelion":1,"minecraft:crafting_table":2,"minecraft:torch":20,"minecraft:short_grass":187,"minecraft:cobblestone":83,"minecraft:tall_grass":27,"minecraft:nether_quartz_ore":5,"minecraft:glass":2,"minecraft:copper_ore":2,"minecraft:deepslate_coal_ore":4,"minecraft:deepslate_gold_ore":17,"minecraft:lapis_ore":8,"minecraft:oak_planks":15,"minecraft:sugar_cane":37,"minecraft:diorite":33,"minecraft:wall_torch":3,"minecraft:pink_petals":27,"minecraft:cherry_fence":11,"minecraft:birch_planks":3,"minecraft:nether_wart_block":1,"minecraft:birch_log":85,"minecraft:wheat":87,"minecraft:birch_leaves":4,"minecraft:yellow_bed":1,"minecraft:coal_ore":356,"minecraft:oak_log":470,"minecraft:beetroots":14,"minecraft:cherry_leaves":67,"minecraft:gravel":72,"minecraft:sand":142,"minecraft:dirt":527,"minecraft:netherrack":166,"minecraft:gold_ore":3,"minecraft:oak_leaves":105,"minecraft:deepslate":114},"minecraft:crafted":{"minecraft:cherry_planks":408,"minecraft:oak_door":3,"minecraft:oak_planks":356,"minecraft:cooked_chicken":2,"minecraft:furnace":10,"minecraft:bone_meal":45,"minecraft:cooked_mutton":13,"minecraft:flint_and_steel":1,"minecraft:glass":128,"minecraft:iron_axe":1,"minecraft:iron_hoe":2,"minecraft:stone_pickaxe":3,"minecraft:chest":10,"minecraft:oak_fence":21,"minecraft:cherry_fence":252,"minecraft:golden_boots":2,"minecraft:cooked_beef":18,"minecraft:sugar":15,"minecraft:wooden_shovel":1,"minecraft:diamond_sword":1,"minecraft:cooked_porkchop":26,"minecraft:diamond_axe":1,"minecraft:crafting_table":10,"minecraft:wooden_pickaxe":1,"minecraft:iron_helmet":2,"minecraft:iron_sword":2,"minecraft:birch_planks":132,"minecraft:bucket":2,"minecraft:bread":23,"minecraft:paper":24,"minecraft:diamond_pickaxe":1,"minecraft:book":8,"minecraft:iron_chestplate":1,"minecraft:charcoal":1,"minecraft:shield":2,"minecraft:stick":328,"minecraft:iron_pickaxe":5,"minecraft:iron_ingot":113,"minecraft:wooden_axe":1,"minecraft:gold_ingot":14,"minecraft:iron_shovel":8,"minecraft:iron_leggings":2,"minecraft:torch":712,"minecraft:birch_stairs":56,"minecraft:diamond_chestplate":1}},"DataVersion":3953}