{"stats":{"minecraft:picked_up":{"minecraft:iron_chestplate":1,"minecraft:crafting_table":1,"minecraft:allium":7,"minecraft:wheat":41,"minecraft:azure_bluet":4,"minecraft:chicken":2,"minecraft:shield":1,"minecraft:string":12,"minecraft:raw_copper":6,"minecraft:iron_leggings":1,"minecraft:beetroot":3,"minecraft:cobbled_deepslate":128,"minecraft:poppy":1,"minecraft:iron_pickaxe":1,"minecraft:birch_sapling":7,"minecraft:egg":1,"minecraft:furnace":3,"minecraft:stick":59,"minecraft:raw_iron":127,"minecraft:torch":37,"minecraft:porkchop":10,"minecraft:cherry_log":93,"minecraft:diorite":31,"minecraft:carrot":28,"minecraft:redstone":18,"minecraft:rotten_flesh":41,"minecraft:arrow":22,"minecraft:beetroot_seeds":11,"minecraft:gold_ingot":13,"minecraft:mutton":4,"minecraft:white_wool":2,"minecraft:cobblestone":624,"minecraft:birch_log":53,"minecraft:clock":1,"minecraft:feather":6,"minecraft:water_bucket":1,"minecraft:andesite":6,"minecraft:potato":3,"minecraft:birch_planks":3,"minecraft:flint":7,"minecraft:tuff":1,"minecraft:oak_log":116,"minecraft:cherry_fence":2,"minecraft:golden_boots":1,"minecraft:yellow_bed":1,"minecraft:gunpowder":4,"minecraft:lapis_lazuli":192,"minecraft:dirt":1308,"minecraft:bone":23,"minecraft:apple":4,"minecraft:wheat_seeds":167,"minecraft:orange_tulip":10,"minecraft:raw_gold":26,"minecraft:iron_ingot":26,"minecraft:stone_pickaxe":1,"minecraft:rabbit":2,"minecraft:iron_sword":2,"minecraft:oak_planks":24,"minecraft:cooked_porkchop":6,"minecraft:dandelion":9,"minecraft:sand":4,"minecraft:gravel":48,"minecraft:birch_stairs":3,"minecraft:spider_eye":3,"minecraft:diamond":30,"minecraft:iron_helmet":1,"minecraft:diamond_axe":1,"minecraft:granite":96,"minecraft:cherry_sapling":55,"minecraft:bread":1,"minecraft:oak_sapling":16,"minecraft:coal":416,"minecraft:diamond_pickaxe":1},"minecraft:broken":{"minecraft:iron_shovel":5,"minecraft:wooden_shovel":1,"minecraft:golden_shovel":1,"minecraft:wooden_pickaxe":1,"minecraft:stone_pickaxe":2,"minecraft:iron_pickaxe":3,"minecraft:wooden_axe":1},"minecraft:custom":{"minecraft:interact_with_smithing_table":1,"minecraft:mob_kills":70,"minecraft:interact_with_crafting_table":44,"minecraft:leave_game":6,"minecraft:time_since_death":160286,"minecraft:sprint_one_cm":628789,"minecraft:walk_one_cm":1334011,"minecraft:damage_blocked_by_shield":1658,"minecraft:drop":29,"minecraft:talked_to_villager":1,"minecraft:play_time":300910,"minecraft:deaths":1,"minecraft:sneak_time":20632,"minecraft:walk_under_water_one_cm":2275,"minecraft:jump":4787,"minecraft:walk_on_water_one_cm":11416,"minecraft:total_world_time":300910,"minecraft:interact_with_furnace":35,"minecraft:sleep_in_bed":3,"minecraft:time_since_rest":16503,"minecraft:damage_taken":2505,"minecraft:damage_dealt":12452,"minecraft:player_kills":1,"minecraft:swim_one_cm":2637,"minecraft:fly_one_cm":578641,"minecraft:open_chest":16,"minecraft:crouch_one_cm":77648,"minecraft:fall_one_cm":101039},"minecraft:killed":{"minecraft:spider":7,"minecraft:skeleton":13,"minecraft:chicken":2,"minecraft:pig":5,"minecraft:creeper":2,"minecraft:sheep":2,"minecraft:zombie":37,"minecraft:cow":1},"minecraft:used":{"minecraft:beetroot":3,"minecraft:oak_fence":21,"minecraft:cherry_sapling":50,"minecraft:iron_shovel":1518,"minecraft:poppy":1,"minecraft:chest":4,"minecraft:shield":45,"minecraft:iron_sword":201,"minecraft:wooden_shovel":59,"minecraft:cooked_chicken":2,"minecraft:oak_door":3,"minecraft:iron_chestplate":1,"minecraft:torch":549,"minecraft:dirt":564,"minecraft:carrot":25,"minecraft:allium":6,"minecraft:golden_shovel":17,"minecraft:tuff":1,"minecraft:granite":30,"minecraft:azure_bluet":4,"minecraft:wooden_axe":39,"minecraft:lava_bucket":2,"minecraft:birch_sapling":5,"minecraft:iron_helmet":1,"minecraft:oak_sapling":16,"minecraft:furnace":3,"minecraft:beetroot_seeds":9,"minecraft:egg":1,"minecraft:potato":2,"minecraft:cobbled_deepslate":115,"minecraft:cherry_fence":125,"minecraft:golden_boots":1,"minecraft:wheat_seeds":59,"minecraft:water_bucket":4,"minecraft:cooked_mutton":4,"minecraft:diorite":3,"minecraft:birch_planks":3,"minecraft:stone_pickaxe":299,"minecraft:oak_planks":152,"minecraft:orange_tulip":7,"minecraft:wooden_pickaxe":59,"minecraft:diamond_axe":308,"minecraft:crafting_table":9,"minecraft:diamond_pickaxe":345,"minecraft:apple":4,"minecraft:bread":13,"minecraft:iron_pickaxe":751,"minecraft:gravel":18,"minecraft:fire_charge":1,"minecraft:cobblestone":210,"minecraft:bucket":8,"minecraft:cooked_porkchop":18,"minecraft:andesite":6,"minecraft:birch_log":2,"minecraft:yellow_bed":1,"minecraft:dandelion":9,"minecraft:bone_meal":36,"minecraft:birch_stairs":51},"minecraft:crafted":{"minecraft:cherry_planks":192,"minecraft:oak_door":3,"minecraft:oak_planks":344,"minecraft:cooked_chicken":2,"minecraft:furnace":2,"minecraft:bone_meal":36,"minecraft:cooked_mutton":4,"minecraft:stone_pickaxe":3,"minecraft:chest":4,"minecraft:cherry_fence":144,"minecraft:oak_fence":21,"minecraft:golden_boots":1,"minecraft:wooden_shovel":1,"minecraft:cooked_porkchop":17,"minecraft:diamond_axe":1,"minecraft:crafting_table":8,"minecraft:wooden_pickaxe":1,"minecraft:iron_helmet":2,"minecraft:iron_sword":2,"minecraft:bucket":2,"minecraft:birch_planks":132,"minecraft:bread":13,"minecraft:iron_chestplate":1,"minecraft:charcoal":1,"minecraft:diamond_pickaxe":1,"minecraft:shield":1,"minecraft:stick":240,"minecraft:iron_ingot":77,"minecraft:iron_pickaxe":4,"minecraft:wooden_axe":1,"minecraft:iron_shovel":6,"minecraft:iron_leggings":2,"minecraft:gold_ingot":14,"minecraft:torch":516,"minecraft:birch_stairs":56},"minecraft:dropped":{"minecraft:wheat_seeds":39,"minecraft:feather":2,"minecraft:iron_helmet":1,"minecraft:cobblestone":130,"minecraft:dirt":233,"minecraft:diorite":28,"minecraft:iron_leggings":1,"minecraft:iron_pickaxe":1,"minecraft:string":3,"minecraft:gravel":30,"minecraft:iron_nugget":20,"minecraft:raw_copper":6,"minecraft:cobbled_deepslate":5,"minecraft:birch_sapling":2,"minecraft:rotten_flesh":15,"minecraft:carrot":3,"minecraft:allium":1,"minecraft:spider_eye":2,"minecraft:stone_pickaxe":2},"minecraft:mined":{"minecraft:tuff":1,"minecraft:oak_sapling":1,"minecraft:deepslate_diamond_ore":18,"minecraft:cherry_log":94,"minecraft:cherry_sapling":9,"minecraft:granite":48,"minecraft:allium":8,"minecraft:grass_block":859,"minecraft:furnace":2,"minecraft:carrots":9,"minecraft:cobbled_deepslate":12,"minecraft:fire":1,"minecraft:iron_ore":78,"minecraft:andesite":18,"minecraft:deepslate_lapis_ore":7,"minecraft:azure_bluet":3,"minecraft:potatoes":1,"minecraft:deepslate_iron_ore":35,"minecraft:dirt_path":87,"minecraft:stone":723,"minecraft:deepslate_redstone_ore":2,"minecraft:birch_stairs":3,"minecraft:dandelion":1,"minecraft:crafting_table":1,"minecraft:torch":12,"minecraft:short_grass":82,"minecraft:cobblestone":1,"minecraft:tall_grass":15,"minecraft:copper_ore":2,"minecraft:deepslate_coal_ore":4,"minecraft:deepslate_gold_ore":17,"minecraft:lapis_ore":8,"minecraft:oak_planks":6,"minecraft:diorite":33,"minecraft:wall_torch":3,"minecraft:cherry_fence":2,"minecraft:birch_planks":3,"minecraft:birch_log":34,"minecraft:wheat":46,"minecraft:birch_leaves":1,"minecraft:yellow_bed":1,"minecraft:coal_ore":305,"minecraft:oak_log":87,"minecraft:beetroots":7,"minecraft:cherry_leaves":51,"minecraft:gravel":46,"minecraft:sand":4,"minecraft:dirt":497,"minecraft:gold_ore":3,"minecraft:oak_leaves":36,"minecraft:deepslate":110}},"DataVersion":3953}