{"stats":{"minecraft:picked_up":{"minecraft:iron_chestplate":1,"minecraft:crafting_table":1,"minecraft:allium":7,"minecraft:wheat":41,"minecraft:azure_bluet":4,"minecraft:chicken":2,"minecraft:shield":1,"minecraft:string":12,"minecraft:raw_copper":6,"minecraft:iron_leggings":1,"minecraft:beetroot":3,"minecraft:gold_nugget":11,"minecraft:cobbled_deepslate":132,"minecraft:beef":18,"minecraft:poppy":1,"minecraft:iron_pickaxe":1,"minecraft:birch_sapling":7,"minecraft:egg":1,"minecraft:furnace":3,"minecraft:stick":61,"minecraft:raw_iron":129,"minecraft:torch":37,"minecraft:porkchop":16,"minecraft:cherry_log":93,"minecraft:diorite":31,"minecraft:carrot":28,"minecraft:redstone":18,"minecraft:rotten_flesh":47,"minecraft:arrow":26,"minecraft:beetroot_seeds":11,"minecraft:gold_ingot":13,"minecraft:blaze_rod":2,"minecraft:obsidian":16,"minecraft:mutton":9,"minecraft:white_wool":4,"minecraft:cobblestone":674,"minecraft:pink_petals":76,"minecraft:birch_log":53,"minecraft:clock":1,"minecraft:feather":6,"minecraft:water_bucket":1,"minecraft:andesite":8,"minecraft:leather":12,"minecraft:potato":3,"minecraft:birch_planks":3,"minecraft:flint":7,"minecraft:tuff":1,"minecraft:oak_log":116,"minecraft:cherry_fence":2,"minecraft:nether_wart_block":1,"minecraft:golden_boots":1,"minecraft:yellow_bed":1,"minecraft:gunpowder":4,"minecraft:lapis_lazuli":192,"minecraft:dirt":1313,"minecraft:bone":30,"minecraft:apple":4,"minecraft:bow":1,"minecraft:wheat_seeds":169,"minecraft:orange_tulip":10,"minecraft:raw_gold":26,"minecraft:iron_ingot":26,"minecraft:stone_pickaxe":1,"minecraft:rabbit":2,"minecraft:iron_sword":4,"minecraft:oak_planks":24,"minecraft:cooked_porkchop":6,"minecraft:quartz":3,"minecraft:dandelion":9,"minecraft:sand":4,"minecraft:gravel":48,"minecraft:birch_stairs":3,"minecraft:spider_eye":3,"minecraft:diamond":36,"minecraft:iron_helmet":1,"minecraft:diamond_axe":1,"minecraft:granite":96,"minecraft:cherry_sapling":61,"minecraft:bread":1,"minecraft:netherrack":122,"minecraft:oak_sapling":16,"minecraft:coal":461,"minecraft:diamond_pickaxe":1},"minecraft:broken":{"minecraft:iron_shovel":5,"minecraft:wooden_shovel":1,"minecraft:golden_shovel":1,"minecraft:wooden_pickaxe":1,"minecraft:stone_pickaxe":2,"minecraft:iron_pickaxe":3,"minecraft:wooden_axe":1},"minecraft:custom":{"minecraft:interact_with_smithing_table":1,"minecraft:mob_kills":102,"minecraft:interact_with_crafting_table":57,"minecraft:leave_game":7,"minecraft:time_since_death":213801,"minecraft:sprint_one_cm":782127,"minecraft:walk_one_cm":1538139,"minecraft:damage_blocked_by_shield":2227,"minecraft:drop":36,"minecraft:talked_to_villager":1,"minecraft:play_time":354425,"minecraft:deaths":1,"minecraft:sneak_time":25073,"minecraft:walk_under_water_one_cm":16291,"minecraft:jump":5883,"minecraft:walk_on_water_one_cm":34362,"minecraft:total_world_time":354425,"minecraft:interact_with_furnace":62,"minecraft:sleep_in_bed":3,"minecraft:time_since_rest":70018,"minecraft:damage_taken":3351,"minecraft:damage_dealt":16889,"minecraft:player_kills":1,"minecraft:swim_one_cm":8096,"minecraft:fly_one_cm":795943,"minecraft:open_chest":32,"minecraft:crouch_one_cm":83346,"minecraft:fall_one_cm":125961},"minecraft:killed":{"minecraft:spider":7,"minecraft:skeleton":18,"minecraft:chicken":2,"minecraft:pig":8,"minecraft:creeper":2,"minecraft:sheep":5,"minecraft:zombie":42,"minecraft:wither_skeleton":1,"minecraft:blaze":4,"minecraft:cow":11},"minecraft:used":{"minecraft:beetroot":3,"minecraft:oak_fence":21,"minecraft:cherry_sapling":56,"minecraft:iron_shovel":1527,"minecraft:flint_and_steel":1,"minecraft:poppy":1,"minecraft:chest":4,"minecraft:shield":60,"minecraft:iron_sword":218,"minecraft:wooden_shovel":59,"minecraft:cooked_chicken":2,"minecraft:oak_door":3,"minecraft:iron_chestplate":1,"minecraft:torch":635,"minecraft:dirt":588,"minecraft:carrot":25,"minecraft:allium":6,"minecraft:golden_shovel":17,"minecraft:tuff":1,"minecraft:granite":30,"minecraft:azure_bluet":4,"minecraft:obsidian":15,"minecraft:wooden_axe":39,"minecraft:lava_bucket":4,"minecraft:birch_sapling":5,"minecraft:iron_helmet":1,"minecraft:oak_sapling":16,"minecraft:furnace":9,"minecraft:beetroot_seeds":9,"minecraft:egg":1,"minecraft:cooked_beef":7,"minecraft:potato":3,"minecraft:cobbled_deepslate":115,"minecraft:cherry_fence":125,"minecraft:golden_boots":1,"minecraft:wheat_seeds":59,"minecraft:water_bucket":11,"minecraft:cooked_mutton":4,"minecraft:diorite":3,"minecraft:birch_planks":3,"minecraft:stone_pickaxe":299,"minecraft:oak_planks":152,"minecraft:orange_tulip":7,"minecraft:wooden_pickaxe":59,"minecraft:diamond_axe":370,"minecraft:crafting_table":9,"minecraft:diamond_pickaxe":617,"minecraft:apple":4,"minecraft:bread":14,"minecraft:iron_pickaxe":751,"minecraft:gravel":18,"minecraft:nether_wart_block":1,"minecraft:diamond_sword":20,"minecraft:fire_charge":1,"minecraft:cobblestone":348,"minecraft:bucket":16,"minecraft:cooked_porkchop":24,"minecraft:andesite":6,"minecraft:birch_log":2,"minecraft:yellow_bed":1,"minecraft:dandelion":9,"minecraft:bone_meal":45,"minecraft:birch_stairs":51},"minecraft:crafted":{"minecraft:cherry_planks":220,"minecraft:oak_door":3,"minecraft:oak_planks":344,"minecraft:cooked_chicken":2,"minecraft:furnace":7,"minecraft:bone_meal":45,"minecraft:cooked_mutton":9,"minecraft:flint_and_steel":1,"minecraft:stone_pickaxe":3,"minecraft:chest":4,"minecraft:cherry_fence":144,"minecraft:oak_fence":21,"minecraft:golden_boots":2,"minecraft:cooked_beef":18,"minecraft:wooden_shovel":1,"minecraft:diamond_sword":1,"minecraft:cooked_porkchop":23,"minecraft:diamond_axe":1,"minecraft:crafting_table":8,"minecraft:wooden_pickaxe":1,"minecraft:iron_helmet":2,"minecraft:iron_sword":2,"minecraft:bucket":2,"minecraft:birch_planks":132,"minecraft:bread":13,"minecraft:iron_chestplate":1,"minecraft:charcoal":1,"minecraft:diamond_pickaxe":1,"minecraft:shield":2,"minecraft:stick":268,"minecraft:iron_ingot":113,"minecraft:iron_pickaxe":4,"minecraft:wooden_axe":1,"minecraft:iron_shovel":6,"minecraft:iron_leggings":2,"minecraft:gold_ingot":14,"minecraft:torch":608,"minecraft:birch_stairs":56,"minecraft:diamond_chestplate":1},"minecraft:mined":{"minecraft:tuff":2,"minecraft:oak_sapling":1,"minecraft:deepslate_diamond_ore":24,"minecraft:cherry_log":94,"minecraft:cherry_sapling":15,"minecraft:obsidian":16,"minecraft:granite":48,"minecraft:allium":8,"minecraft:grass_block":860,"minecraft:furnace":2,"minecraft:carrots":9,"minecraft:cobbled_deepslate":12,"minecraft:fire":1,"minecraft:iron_ore":80,"minecraft:andesite":20,"minecraft:deepslate_lapis_ore":7,"minecraft:azure_bluet":3,"minecraft:potatoes":1,"minecraft:deepslate_iron_ore":35,"minecraft:dirt_path":87,"minecraft:stone":774,"minecraft:deepslate_redstone_ore":2,"minecraft:birch_stairs":3,"minecraft:crimson_nylium":2,"minecraft:dandelion":1,"minecraft:crafting_table":1,"minecraft:torch":12,"minecraft:short_grass":87,"minecraft:nether_quartz_ore":5,"minecraft:cobblestone":3,"minecraft:tall_grass":20,"minecraft:copper_ore":2,"minecraft:deepslate_coal_ore":4,"minecraft:deepslate_gold_ore":17,"minecraft:lapis_ore":8,"minecraft:oak_planks":6,"minecraft:diorite":33,"minecraft:wall_torch":3,"minecraft:pink_petals":26,"minecraft:cherry_fence":2,"minecraft:birch_planks":3,"minecraft:nether_wart_block":1,"minecraft:birch_log":34,"minecraft:wheat":46,"minecraft:birch_leaves":1,"minecraft:yellow_bed":1,"minecraft:coal_ore":350,"minecraft:oak_log":87,"minecraft:beetroots":7,"minecraft:cherry_leaves":51,"minecraft:gravel":46,"minecraft:sand":4,"minecraft:dirt":500,"minecraft:netherrack":125,"minecraft:nether_gold_ore":4,"minecraft:gold_ore":3,"minecraft:oak_leaves":38,"minecraft:deepslate":114},"minecraft:dropped":{"minecraft:iron_ingot":25,"minecraft:wheat_seeds":39,"minecraft:feather":2,"minecraft:iron_helmet":1,"minecraft:cobblestone":130,"minecraft:stick":2,"minecraft:dirt":233,"minecraft:diorite":28,"minecraft:iron_leggings":1,"minecraft:iron_pickaxe":1,"minecraft:string":3,"minecraft:gravel":30,"minecraft:iron_nugget":20,"minecraft:raw_copper":6,"minecraft:cobbled_deepslate":5,"minecraft:birch_sapling":2,"minecraft:rotten_flesh":18,"minecraft:carrot":3,"minecraft:allium":1,"minecraft:spider_eye":3,"minecraft:stone_pickaxe":2,"minecraft:iron_sword":2}},"DataVersion":3953}