{"stats":{"minecraft:picked_up":{"minecraft:iron_chestplate":1,"minecraft:crafting_table":1,"minecraft:allium":7,"minecraft:wheat":41,"minecraft:azure_bluet":4,"minecraft:chicken":2,"minecraft:stripped_cherry_log":1,"minecraft:shield":1,"minecraft:string":14,"minecraft:raw_copper":6,"minecraft:iron_leggings":1,"minecraft:beetroot":3,"minecraft:gold_nugget":11,"minecraft:cobbled_deepslate":132,"minecraft:beef":18,"minecraft:poppy":1,"minecraft:iron_pickaxe":1,"minecraft:sugar_cane":9,"minecraft:birch_sapling":7,"minecraft:egg":1,"minecraft:furnace":3,"minecraft:stick":66,"minecraft:raw_iron":129,"minecraft:torch":39,"minecraft:porkchop":16,"minecraft:cherry_log":104,"minecraft:diorite":31,"minecraft:carrot":28,"minecraft:redstone":18,"minecraft:arrow":28,"minecraft:rotten_flesh":49,"minecraft:beetroot_seeds":11,"minecraft:gold_ingot":13,"minecraft:blaze_rod":3,"minecraft:mutton":9,"minecraft:obsidian":16,"minecraft:white_wool":4,"minecraft:cobblestone":881,"minecraft:birch_log":53,"minecraft:pink_petals":77,"minecraft:clock":1,"minecraft:feather":6,"minecraft:water_bucket":1,"minecraft:andesite":8,"minecraft:leather":12,"minecraft:potato":3,"minecraft:birch_planks":3,"minecraft:flint":7,"minecraft:tuff":1,"minecraft:oak_log":116,"minecraft:cherry_fence":2,"minecraft:yellow_bed":1,"minecraft:golden_boots":1,"minecraft:nether_wart_block":1,"minecraft:gunpowder":4,"minecraft:lapis_lazuli":192,"minecraft:dirt":1373,"minecraft:bone":32,"minecraft:apple":4,"minecraft:bow":1,"minecraft:wheat_seeds":175,"minecraft:orange_tulip":10,"minecraft:raw_gold":26,"minecraft:iron_ingot":26,"minecraft:stone_pickaxe":1,"minecraft:rabbit":2,"minecraft:iron_sword":4,"minecraft:oak_planks":24,"minecraft:cooked_porkchop":6,"minecraft:quartz":3,"minecraft:dandelion":9,"minecraft:gravel":48,"minecraft:sand":4,"minecraft:birch_stairs":3,"minecraft:ink_sac":2,"minecraft:spider_eye":3,"minecraft:diamond":36,"minecraft:iron_helmet":1,"minecraft:granite":96,"minecraft:diamond_axe":1,"minecraft:cherry_sapling":66,"minecraft:bread":1,"minecraft:oak_sapling":20,"minecraft:netherrack":159,"minecraft:coal":467,"minecraft:diamond_pickaxe":1},"minecraft:broken":{"minecraft:iron_shovel":5,"minecraft:wooden_shovel":1,"minecraft:golden_shovel":1,"minecraft:wooden_pickaxe":1,"minecraft:stone_pickaxe":2,"minecraft:iron_pickaxe":3,"minecraft:wooden_axe":1},"minecraft:custom":{"minecraft:interact_with_smithing_table":1,"minecraft:mob_kills":111,"minecraft:interact_with_crafting_table":66,"minecraft:leave_game":7,"minecraft:time_since_death":255774,"minecraft:sprint_one_cm":955446,"minecraft:walk_one_cm":1752447,"minecraft:damage_blocked_by_shield":2363,"minecraft:drop":43,"minecraft:talked_to_villager":1,"minecraft:play_time":396398,"minecraft:deaths":1,"minecraft:sneak_time":25900,"minecraft:walk_under_water_one_cm":16484,"minecraft:jump":6643,"minecraft:walk_on_water_one_cm":36217,"minecraft:total_world_time":396398,"minecraft:interact_with_furnace":63,"minecraft:sleep_in_bed":3,"minecraft:time_since_rest":111991,"minecraft:damage_taken":3821,"minecraft:damage_dealt":18732,"minecraft:player_kills":1,"minecraft:swim_one_cm":8441,"minecraft:fly_one_cm":967028,"minecraft:open_chest":47,"minecraft:crouch_one_cm":85207,"minecraft:fall_one_cm":143322},"minecraft:killed":{"minecraft:spider":8,"minecraft:skeleton":19,"minecraft:chicken":2,"minecraft:magma_cube":3,"minecraft:pig":8,"minecraft:hoglin":1,"minecraft:creeper":2,"minecraft:sheep":5,"minecraft:zombie":43,"minecraft:wither_skeleton":2,"minecraft:blaze":5,"minecraft:cow":11},"minecraft:crafted":{"minecraft:cherry_planks":220,"minecraft:oak_door":3,"minecraft:oak_planks":344,"minecraft:cooked_chicken":2,"minecraft:furnace":7,"minecraft:bone_meal":45,"minecraft:cooked_mutton":9,"minecraft:flint_and_steel":1,"minecraft:iron_axe":1,"minecraft:iron_hoe":2,"minecraft:stone_pickaxe":3,"minecraft:chest":4,"minecraft:oak_fence":21,"minecraft:cherry_fence":144,"minecraft:golden_boots":2,"minecraft:cooked_beef":18,"minecraft:wooden_shovel":1,"minecraft:diamond_sword":1,"minecraft:cooked_porkchop":23,"minecraft:diamond_axe":1,"minecraft:crafting_table":9,"minecraft:wooden_pickaxe":1,"minecraft:iron_helmet":2,"minecraft:iron_sword":2,"minecraft:birch_planks":132,"minecraft:bucket":2,"minecraft:bread":13,"minecraft:diamond_pickaxe":1,"minecraft:iron_chestplate":1,"minecraft:charcoal":1,"minecraft:shield":2,"minecraft:stick":280,"minecraft:iron_ingot":113,"minecraft:iron_pickaxe":5,"minecraft:wooden_axe":1,"minecraft:gold_ingot":14,"minecraft:iron_shovel":7,"minecraft:iron_leggings":2,"minecraft:torch":648,"minecraft:birch_stairs":56,"minecraft:diamond_chestplate":1},"minecraft:used":{"minecraft:beetroot":3,"minecraft:oak_fence":21,"minecraft:cherry_sapling":66,"minecraft:iron_shovel":1564,"minecraft:flint_and_steel":1,"minecraft:poppy":1,"minecraft:chest":4,"minecraft:shield":63,"minecraft:iron_sword":218,"minecraft:netherrack":14,"minecraft:wooden_shovel":59,"minecraft:cooked_chicken":2,"minecraft:oak_door":3,"minecraft:iron_chestplate":1,"minecraft:torch":680,"minecraft:dirt":597,"minecraft:carrot":25,"minecraft:allium":6,"minecraft:golden_shovel":17,"minecraft:tuff":1,"minecraft:granite":30,"minecraft:azure_bluet":4,"minecraft:obsidian":15,"minecraft:iron_hoe":120,"minecraft:wooden_axe":39,"minecraft:lava_bucket":4,"minecraft:birch_sapling":5,"minecraft:iron_helmet":1,"minecraft:furnace":9,"minecraft:oak_sapling":20,"minecraft:beetroot_seeds":11,"minecraft:egg":1,"minecraft:cooked_beef":16,"minecraft:potato":3,"minecraft:cobbled_deepslate":115,"minecraft:cherry_fence":125,"minecraft:cherry_log":3,"minecraft:golden_boots":1,"minecraft:cooked_mutton":5,"minecraft:wheat_seeds":128,"minecraft:water_bucket":36,"minecraft:diorite":3,"minecraft:birch_planks":3,"minecraft:stone_pickaxe":299,"minecraft:oak_planks":152,"minecraft:orange_tulip":7,"minecraft:wooden_pickaxe":59,"minecraft:sugar_cane":9,"minecraft:diamond_axe":397,"minecraft:crafting_table":10,"minecraft:diamond_pickaxe":895,"minecraft:apple":4,"minecraft:bread":14,"minecraft:iron_pickaxe":751,"minecraft:gravel":18,"minecraft:pink_petals":65,"minecraft:diamond_sword":47,"minecraft:nether_wart_block":1,"minecraft:fire_charge":1,"minecraft:cobblestone":352,"minecraft:bucket":40,"minecraft:cooked_porkchop":24,"minecraft:andesite":6,"minecraft:birch_log":2,"minecraft:yellow_bed":1,"minecraft:stripped_cherry_log":1,"minecraft:dandelion":9,"minecraft:bone_meal":45,"minecraft:birch_stairs":51},"minecraft:dropped":{"minecraft:wheat_seeds":39,"minecraft:cooked_beef":2,"minecraft:feather":2,"minecraft:iron_helmet":1,"minecraft:cobblestone":130,"minecraft:stick":2,"minecraft:dirt":233,"minecraft:diorite":28,"minecraft:iron_leggings":1,"minecraft:iron_axe":1,"minecraft:iron_pickaxe":2,"minecraft:string":3,"minecraft:gravel":30,"minecraft:iron_nugget":20,"minecraft:raw_copper":6,"minecraft:cobbled_deepslate":5,"minecraft:birch_sapling":2,"minecraft:rotten_flesh":20,"minecraft:iron_hoe":1,"minecraft:carrot":3,"minecraft:allium":1,"minecraft:iron_chestplate":1,"minecraft:spider_eye":3,"minecraft:stone_pickaxe":2,"minecraft:golden_boots":1,"minecraft:iron_ingot":25,"minecraft:iron_sword":2},"minecraft:mined":{"minecraft:nether_gold_ore":4,"minecraft:tuff":2,"minecraft:oak_sapling":1,"minecraft:deepslate_diamond_ore":24,"minecraft:cherry_log":104,"minecraft:stripped_cherry_log":1,"minecraft:cherry_sapling":15,"minecraft:obsidian":16,"minecraft:granite":48,"minecraft:allium":8,"minecraft:grass_block":895,"minecraft:furnace":2,"minecraft:carrots":9,"minecraft:fire":2,"minecraft:iron_ore":80,"minecraft:cobbled_deepslate":12,"minecraft:andesite":20,"minecraft:deepslate_lapis_ore":7,"minecraft:azure_bluet":3,"minecraft:potatoes":1,"minecraft:dirt_path":87,"minecraft:deepslate_iron_ore":35,"minecraft:stone":956,"minecraft:deepslate_redstone_ore":2,"minecraft:birch_stairs":3,"minecraft:crimson_nylium":4,"minecraft:dandelion":1,"minecraft:crafting_table":1,"minecraft:torch":13,"minecraft:short_grass":138,"minecraft:cobblestone":44,"minecraft:copper_ore":2,"minecraft:nether_quartz_ore":5,"minecraft:tall_grass":22,"minecraft:deepslate_coal_ore":4,"minecraft:deepslate_gold_ore":17,"minecraft:lapis_ore":8,"minecraft:sugar_cane":3,"minecraft:oak_planks":6,"minecraft:diorite":33,"minecraft:wall_torch":3,"minecraft:pink_petals":27,"minecraft:cherry_fence":2,"minecraft:birch_planks":3,"minecraft:nether_wart_block":1,"minecraft:birch_log":34,"minecraft:wheat":46,"minecraft:birch_leaves":1,"minecraft:yellow_bed":1,"minecraft:coal_ore":356,"minecraft:oak_log":87,"minecraft:beetroots":7,"minecraft:cherry_leaves":59,"minecraft:gravel":46,"minecraft:sand":4,"minecraft:dirt":506,"minecraft:netherrack":166,"minecraft:gold_ore":3,"minecraft:oak_leaves":38,"minecraft:deepslate":114}},"DataVersion":3953}