{"stats":{"minecraft:picked_up":{"minecraft:iron_chestplate":1,"minecraft:crafting_table":1,"minecraft:allium":7,"minecraft:wheat":24,"minecraft:azure_bluet":3,"minecraft:chicken":2,"minecraft:shield":1,"minecraft:string":9,"minecraft:raw_copper":6,"minecraft:iron_leggings":1,"minecraft:beetroot":1,"minecraft:cobbled_deepslate":128,"minecraft:iron_pickaxe":1,"minecraft:birch_sapling":6,"minecraft:egg":1,"minecraft:furnace":3,"minecraft:stick":44,"minecraft:raw_iron":105,"minecraft:torch":17,"minecraft:porkchop":10,"minecraft:cherry_log":51,"minecraft:diorite":31,"minecraft:carrot":15,"minecraft:redstone":18,"minecraft:rotten_flesh":31,"minecraft:arrow":15,"minecraft:beetroot_seeds":4,"minecraft:gold_ingot":13,"minecraft:mutton":4,"minecraft:white_wool":2,"minecraft:cobblestone":513,"minecraft:birch_log":53,"minecraft:clock":1,"minecraft:feather":6,"minecraft:water_bucket":1,"minecraft:andesite":4,"minecraft:birch_planks":3,"minecraft:flint":7,"minecraft:tuff":1,"minecraft:oak_log":116,"minecraft:golden_boots":1,"minecraft:gunpowder":4,"minecraft:lapis_lazuli":192,"minecraft:dirt":803,"minecraft:bone":18,"minecraft:apple":4,"minecraft:wheat_seeds":76,"minecraft:orange_tulip":8,"minecraft:raw_gold":26,"minecraft:iron_ingot":25,"minecraft:stone_pickaxe":1,"minecraft:rabbit":2,"minecraft:iron_sword":2,"minecraft:oak_planks":24,"minecraft:cooked_porkchop":6,"minecraft:sand":4,"minecraft:gravel":48,"minecraft:birch_stairs":2,"minecraft:spider_eye":2,"minecraft:diamond":30,"minecraft:iron_helmet":1,"minecraft:diamond_axe":1,"minecraft:granite":91,"minecraft:cherry_sapling":32,"minecraft:bread":1,"minecraft:oak_sapling":16,"minecraft:coal":316,"minecraft:diamond_pickaxe":1},"minecraft:broken":{"minecraft:iron_shovel":3,"minecraft:wooden_shovel":1,"minecraft:golden_shovel":1,"minecraft:wooden_pickaxe":1,"minecraft:stone_pickaxe":2,"minecraft:iron_pickaxe":3,"minecraft:wooden_axe":1},"minecraft:custom":{"minecraft:interact_with_smithing_table":1,"minecraft:mob_kills":48,"minecraft:interact_with_crafting_table":32,"minecraft:leave_game":6,"minecraft:time_since_death":94286,"minecraft:sprint_one_cm":474672,"minecraft:walk_one_cm":908096,"minecraft:damage_blocked_by_shield":1388,"minecraft:drop":27,"minecraft:play_time":234910,"minecraft:deaths":1,"minecraft:sneak_time":20078,"minecraft:walk_under_water_one_cm":1696,"minecraft:jump":3864,"minecraft:walk_on_water_one_cm":6886,"minecraft:total_world_time":234910,"minecraft:interact_with_furnace":34,"minecraft:time_since_rest":62570,"minecraft:damage_taken":2041,"minecraft:damage_dealt":7922,"minecraft:player_kills":1,"minecraft:swim_one_cm":2637,"minecraft:fly_one_cm":469394,"minecraft:open_chest":10,"minecraft:crouch_one_cm":76006,"minecraft:fall_one_cm":81539},"minecraft:killed":{"minecraft:spider":4,"minecraft:skeleton":8,"minecraft:chicken":2,"minecraft:pig":5,"minecraft:creeper":1,"minecraft:sheep":2,"minecraft:zombie":24,"minecraft:cow":1},"minecraft:crafted":{"minecraft:oak_door":3,"minecraft:oak_planks":324,"minecraft:cooked_chicken":2,"minecraft:furnace":2,"minecraft:bone_meal":30,"minecraft:cooked_mutton":4,"minecraft:stone_pickaxe":3,"minecraft:chest":2,"minecraft:oak_fence":21,"minecraft:golden_boots":1,"minecraft:wooden_shovel":1,"minecraft:cooked_porkchop":17,"minecraft:diamond_axe":1,"minecraft:crafting_table":6,"minecraft:wooden_pickaxe":1,"minecraft:iron_helmet":2,"minecraft:iron_sword":2,"minecraft:bucket":1,"minecraft:birch_planks":104,"minecraft:bread":8,"minecraft:iron_chestplate":1,"minecraft:charcoal":1,"minecraft:diamond_pickaxe":1,"minecraft:shield":1,"minecraft:stick":140,"minecraft:iron_ingot":77,"minecraft:iron_pickaxe":4,"minecraft:wooden_axe":1,"minecraft:iron_shovel":4,"minecraft:iron_leggings":2,"minecraft:gold_ingot":14,"minecraft:torch":404,"minecraft:birch_stairs":56},"minecraft:used":{"minecraft:beetroot":1,"minecraft:oak_fence":21,"minecraft:cherry_sapling":22,"minecraft:iron_shovel":839,"minecraft:chest":2,"minecraft:shield":36,"minecraft:iron_sword":151,"minecraft:wooden_shovel":59,"minecraft:cooked_chicken":2,"minecraft:oak_door":3,"minecraft:iron_chestplate":1,"minecraft:torch":380,"minecraft:dirt":426,"minecraft:carrot":12,"minecraft:allium":6,"minecraft:golden_shovel":17,"minecraft:tuff":1,"minecraft:granite":30,"minecraft:azure_bluet":3,"minecraft:wooden_axe":39,"minecraft:birch_sapling":5,"minecraft:iron_helmet":1,"minecraft:oak_sapling":16,"minecraft:furnace":3,"minecraft:beetroot_seeds":4,"minecraft:egg":1,"minecraft:cobbled_deepslate":115,"minecraft:golden_boots":1,"minecraft:wheat_seeds":40,"minecraft:water_bucket":2,"minecraft:cooked_mutton":4,"minecraft:diorite":3,"minecraft:birch_planks":3,"minecraft:stone_pickaxe":299,"minecraft:oak_planks":152,"minecraft:orange_tulip":5,"minecraft:wooden_pickaxe":59,"minecraft:diamond_axe":212,"minecraft:crafting_table":7,"minecraft:diamond_pickaxe":102,"minecraft:apple":4,"minecraft:bread":5,"minecraft:iron_pickaxe":751,"minecraft:gravel":18,"minecraft:fire_charge":1,"minecraft:cobblestone":166,"minecraft:bucket":3,"minecraft:cooked_porkchop":18,"minecraft:andesite":4,"minecraft:birch_log":2,"minecraft:bone_meal":30,"minecraft:birch_stairs":47},"minecraft:dropped":{"minecraft:feather":2,"minecraft:iron_helmet":1,"minecraft:cobblestone":130,"minecraft:dirt":233,"minecraft:diorite":28,"minecraft:iron_leggings":1,"minecraft:iron_pickaxe":1,"minecraft:string":3,"minecraft:gravel":30,"minecraft:iron_nugget":20,"minecraft:raw_copper":6,"minecraft:cobbled_deepslate":5,"minecraft:rotten_flesh":15,"minecraft:carrot":3,"minecraft:allium":1,"minecraft:spider_eye":2,"minecraft:stone_pickaxe":2},"minecraft:mined":{"minecraft:tuff":1,"minecraft:oak_sapling":1,"minecraft:deepslate_diamond_ore":18,"minecraft:cherry_log":52,"minecraft:cherry_sapling":4,"minecraft:granite":42,"minecraft:allium":8,"minecraft:grass_block":444,"minecraft:furnace":2,"minecraft:carrots":5,"minecraft:cobbled_deepslate":12,"minecraft:fire":1,"minecraft:iron_ore":57,"minecraft:andesite":14,"minecraft:deepslate_lapis_ore":7,"minecraft:azure_bluet":3,"minecraft:deepslate_iron_ore":34,"minecraft:dirt_path":55,"minecraft:stone":612,"minecraft:deepslate_redstone_ore":2,"minecraft:birch_stairs":2,"minecraft:crafting_table":1,"minecraft:torch":4,"minecraft:short_grass":26,"minecraft:cobblestone":1,"minecraft:tall_grass":12,"minecraft:copper_ore":2,"minecraft:deepslate_coal_ore":4,"minecraft:deepslate_gold_ore":17,"minecraft:lapis_ore":8,"minecraft:oak_planks":6,"minecraft:diorite":33,"minecraft:wall_torch":2,"minecraft:birch_planks":3,"minecraft:birch_log":34,"minecraft:wheat":27,"minecraft:birch_leaves":1,"minecraft:coal_ore":205,"minecraft:oak_log":87,"minecraft:beetroots":2,"minecraft:cherry_leaves":17,"minecraft:gravel":46,"minecraft:sand":4,"minecraft:dirt":430,"minecraft:gold_ore":3,"minecraft:oak_leaves":36,"minecraft:deepslate":110}},"DataVersion":3953}