{"stats":{"minecraft:used":{"minecraft:rose_bush":1,"minecraft:stone_sword":26,"minecraft:chest":1,"minecraft:shield":18,"minecraft:iron_sword":76,"minecraft:rotten_flesh":29,"minecraft:netherrack":8,"minecraft:torch":487,"minecraft:dirt":43,"minecraft:tuff":12,"minecraft:iron_hoe":206,"minecraft:wooden_axe":24,"minecraft:lava_bucket":8,"minecraft:oak_sapling":4,"minecraft:furnace":4,"minecraft:cooked_beef":3,"minecraft:cobbled_deepslate":139,"minecraft:pointed_dripstone":1,"minecraft:calcite":3,"minecraft:wheat_seeds":126,"minecraft:cooked_mutton":8,"minecraft:water_bucket":47,"minecraft:stone_pickaxe":74,"minecraft:baked_potato":2,"minecraft:wooden_pickaxe":41,"minecraft:crafting_table":9,"minecraft:diamond_pickaxe":450,"minecraft:apple":9,"minecraft:bread":56,"minecraft:iron_pickaxe":249,"minecraft:gravel":1,"minecraft:diamond_sword":218,"minecraft:wooden_sword":40,"minecraft:cobblestone":103,"minecraft:cooked_porkchop":26,"minecraft:andesite":7,"minecraft:bucket":56},"minecraft:killed_by":{"minecraft:warden":2,"minecraft:skeleton":1},"minecraft:killed":{"minecraft:spider":7,"minecraft:skeleton":19,"minecraft:silverfish":1,"minecraft:pig":8,"minecraft:hoglin":2,"minecraft:creeper":4,"minecraft:sheep":8,"minecraft:zombie":48,"minecraft:glow_squid":1,"minecraft:enderman":1,"minecraft:cow":6},"minecraft:mined":{"minecraft:tuff":21,"minecraft:deepslate_diamond_ore":48,"minecraft:sculk_vein":22,"minecraft:sea_lantern":1,"minecraft:obsidian":3,"minecraft:grass_block":12,"minecraft:crimson_roots":1,"minecraft:spawner":3,"minecraft:furnace":3,"minecraft:iron_ore":91,"minecraft:cobbled_deepslate":24,"minecraft:andesite":2,"minecraft:deepslate_lapis_ore":6,"minecraft:pointed_dripstone":1,"minecraft:deepslate_iron_ore":56,"minecraft:stone":110,"minecraft:crimson_nylium":3,"minecraft:crafting_table":6,"minecraft:torch":7,"minecraft:short_grass":10,"minecraft:emerald_ore":4,"minecraft:calcite":3,"minecraft:rose_bush":1,"minecraft:sculk_sensor":1,"minecraft:tall_grass":1,"minecraft:cobblestone":7,"minecraft:deepslate_coal_ore":8,"minecraft:deepslate_gold_ore":21,"minecraft:lapis_ore":1,"minecraft:sculk":199,"minecraft:wall_torch":8,"minecraft:wheat":106,"minecraft:oak_log":23,"minecraft:coal_ore":185,"minecraft:gravel":2,"minecraft:dirt":10,"minecraft:smooth_basalt":6,"minecraft:stone_bricks":1,"minecraft:netherrack":15,"minecraft:gold_ore":8,"minecraft:oak_leaves":5,"minecraft:deepslate":160},"minecraft:picked_up":{"minecraft:crafting_table":6,"minecraft:wheat":103,"minecraft:leather_leggings":1,"minecraft:diamond_sword":1,"minecraft:enchanted_book":3,"minecraft:shield":2,"minecraft:string":7,"minecraft:diamond_leggings":2,"minecraft:cobbled_deepslate":197,"minecraft:bucket":1,"minecraft:beef":13,"minecraft:white_tulip":1,"minecraft:rose_bush":1,"minecraft:calcite":6,"minecraft:furnace":5,"minecraft:stick":1,"minecraft:raw_iron":227,"minecraft:torch":137,"minecraft:porkchop":23,"minecraft:pointed_dripstone":1,"minecraft:carrot":1,"minecraft:redstone":69,"minecraft:prismarine_crystals":2,"minecraft:rotten_flesh":52,"minecraft:arrow":26,"minecraft:stone_sword":1,"minecraft:diamond_chestplate":2,"minecraft:diamond_boots":1,"minecraft:saddle":1,"minecraft:obsidian":8,"minecraft:mutton":13,"minecraft:cobblestone":137,"minecraft:white_wool":10,"minecraft:leather_chestplate":3,"minecraft:glow_ink_sac":16,"minecraft:andesite":9,"minecraft:leather":4,"minecraft:potato":2,"minecraft:tuff":14,"minecraft:oak_log":23,"minecraft:gunpowder":10,"minecraft:lapis_lazuli":44,"minecraft:dirt":43,"minecraft:name_tag":3,"minecraft:leather_boots":1,"minecraft:glass":2,"minecraft:bone":19,"minecraft:apple":9,"minecraft:stone_bricks":1,"minecraft:bow":1,"minecraft:wheat_seeds":534,"minecraft:raw_gold":67,"minecraft:stone_pickaxe":1,"minecraft:iron_ingot":29,"minecraft:diamond_helmet":2,"minecraft:oak_planks":69,"minecraft:smooth_basalt":11,"minecraft:cooked_porkchop":31,"minecraft:gravel":2,"minecraft:spider_eye":1,"minecraft:iron_hoe":1,"minecraft:diamond":65,"minecraft:crimson_roots":2,"minecraft:chainmail_helmet":1,"minecraft:bread":22,"minecraft:emerald":7,"minecraft:baked_potato":2,"minecraft:oak_sapling":8,"minecraft:black_wool":2,"minecraft:netherrack":22,"minecraft:coal":313,"minecraft:ender_pearl":1,"minecraft:diamond_pickaxe":1},"minecraft:custom":{"minecraft:interact_with_smithing_table":1,"minecraft:interact_with_anvil":3,"minecraft:mob_kills":110,"minecraft:interact_with_crafting_table":30,"minecraft:leave_game":12,"minecraft:time_since_death":68551,"minecraft:climb_one_cm":555,"minecraft:sprint_one_cm":741196,"minecraft:walk_one_cm":371013,"minecraft:damage_blocked_by_shield":1159,"minecraft:drop":119,"minecraft:talked_to_villager":1,"minecraft:play_time":242101,"minecraft:deaths":3,"minecraft:sneak_time":39092,"minecraft:walk_under_water_one_cm":71622,"minecraft:jump":7876,"minecraft:walk_on_water_one_cm":66346,"minecraft:enchant_item":2,"minecraft:total_world_time":242101,"minecraft:interact_with_furnace":61,"minecraft:sleep_in_bed":1,"minecraft:time_since_rest":68588,"minecraft:damage_taken":6038,"minecraft:trigger_trapped_chest":10,"minecraft:damage_dealt":19503,"minecraft:fly_one_cm":1503311,"minecraft:swim_one_cm":80319,"minecraft:open_chest":31,"minecraft:crouch_one_cm":158328,"minecraft:horse_one_cm":27414,"minecraft:fall_one_cm":244833},"minecraft:dropped":{"minecraft:enchanted_book":1,"minecraft:golden_boots":1,"minecraft:iron_sword":1,"minecraft:wheat_seeds":408,"minecraft:lapis_lazuli":42,"minecraft:glow_ink_sac":11,"minecraft:diamond":3,"minecraft:cooked_porkchop":64,"minecraft:prismarine_crystals":2,"minecraft:iron_helmet":1,"minecraft:cobblestone":6,"minecraft:spectral_arrow":1,"minecraft:leather":2,"minecraft:chainmail_helmet":1,"minecraft:diamond_horse_armor":1,"minecraft:torch":31,"minecraft:crimson_roots":2,"minecraft:diamond_helmet":1,"minecraft:iron_leggings":1,"minecraft:iron_pickaxe":1,"minecraft:string":5,"minecraft:redstone":69,"minecraft:smooth_basalt":11,"minecraft:bone":12,"minecraft:gravel":1,"minecraft:white_tulip":1,"minecraft:stone_sword":2,"minecraft:cobbled_deepslate":52,"minecraft:tuff":2,"minecraft:wheat":1,"minecraft:rotten_flesh":32,"minecraft:oak_planks":3,"minecraft:iron_boots":1,"minecraft:carrot":1,"minecraft:leather_chestplate":4,"minecraft:gunpowder":17,"minecraft:oak_button":1,"minecraft:iron_chestplate":1,"minecraft:andesite":2,"minecraft:leather_boots":1,"minecraft:leather_leggings":1,"minecraft:stone_bricks":1,"minecraft:arrow":15,"minecraft:bow":1,"minecraft:glass":4,"minecraft:stone_pickaxe":2,"minecraft:calcite":3,"minecraft:netherrack":14},"minecraft:crafted":{"minecraft:ender_chest":1,"minecraft:wooden_sword":1,"minecraft:oak_planks":196,"minecraft:blaze_powder":2,"minecraft:furnace":2,"minecraft:cooked_mutton":13,"minecraft:glass":2,"minecraft:diamond_helmet":1,"minecraft:diamond_leggings":1,"minecraft:iron_boots":1,"minecraft:stone_pickaxe":2,"minecraft:chest":1,"minecraft:diamond_boots":1,"minecraft:oak_button":1,"minecraft:ender_eye":1,"minecraft:golden_boots":2,"minecraft:cooked_beef":13,"minecraft:diamond_sword":1,"minecraft:cooked_porkchop":19,"minecraft:crafting_table":4,"minecraft:wooden_pickaxe":2,"minecraft:iron_helmet":1,"minecraft:iron_sword":1,"minecraft:bucket":6,"minecraft:bread":34,"minecraft:air":0,"minecraft:iron_chestplate":1,"minecraft:diamond_pickaxe":1,"minecraft:shield":1,"minecraft:stick":148,"minecraft:iron_ingot":25,"minecraft:iron_pickaxe":1,"minecraft:wooden_axe":1,"minecraft:stone_sword":2,"minecraft:gold_ingot":9,"minecraft:iron_leggings":1,"minecraft:torch":484,"minecraft:diamond_chestplate":1},"minecraft:broken":{"minecraft:iron_hoe":1}},"DataVersion":3953}