{"stats":{"minecraft:custom":{"minecraft:interact_with_smithing_table":1,"minecraft:mob_kills":80,"minecraft:interact_with_crafting_table":25,"minecraft:leave_game":12,"minecraft:time_since_death":8573,"minecraft:sprint_one_cm":544666,"minecraft:walk_one_cm":285427,"minecraft:damage_blocked_by_shield":764,"minecraft:drop":77,"minecraft:play_time":182123,"minecraft:deaths":3,"minecraft:sneak_time":31684,"minecraft:walk_under_water_one_cm":60841,"minecraft:jump":5646,"minecraft:walk_on_water_one_cm":57368,"minecraft:total_world_time":182123,"minecraft:interact_with_furnace":56,"minecraft:sleep_in_bed":1,"minecraft:time_since_rest":8610,"minecraft:damage_taken":4700,"minecraft:trigger_trapped_chest":8,"minecraft:damage_dealt":12930,"minecraft:fly_one_cm":999936,"minecraft:swim_one_cm":56524,"minecraft:open_chest":17,"minecraft:crouch_one_cm":128689,"minecraft:fall_one_cm":168946},"minecraft:dropped":{"minecraft:iron_sword":1,"minecraft:wheat_seeds":407,"minecraft:iron_helmet":1,"minecraft:cobblestone":6,"minecraft:spectral_arrow":1,"minecraft:torch":31,"minecraft:iron_leggings":1,"minecraft:iron_pickaxe":1,"minecraft:string":3,"minecraft:smooth_basalt":11,"minecraft:bone":6,"minecraft:gravel":1,"minecraft:white_tulip":1,"minecraft:stone_sword":2,"minecraft:cobbled_deepslate":21,"minecraft:tuff":1,"minecraft:wheat":1,"minecraft:rotten_flesh":16,"minecraft:oak_planks":3,"minecraft:iron_boots":1,"minecraft:leather_chestplate":4,"minecraft:gunpowder":3,"minecraft:oak_button":1,"minecraft:iron_chestplate":1,"minecraft:andesite":2,"minecraft:leather_boots":1,"minecraft:leather_leggings":1,"minecraft:arrow":13,"minecraft:bow":1,"minecraft:glass":4,"minecraft:stone_pickaxe":2,"minecraft:calcite":3,"minecraft:netherrack":4},"minecraft:used":{"minecraft:rose_bush":1,"minecraft:stone_sword":26,"minecraft:chest":1,"minecraft:shield":12,"minecraft:iron_sword":76,"minecraft:rotten_flesh":29,"minecraft:torch":436,"minecraft:dirt":29,"minecraft:tuff":8,"minecraft:iron_hoe":195,"minecraft:wooden_axe":24,"minecraft:oak_sapling":4,"minecraft:furnace":3,"minecraft:cooked_beef":3,"minecraft:cobbled_deepslate":125,"minecraft:pointed_dripstone":1,"minecraft:calcite":3,"minecraft:wheat_seeds":126,"minecraft:cooked_mutton":8,"minecraft:water_bucket":45,"minecraft:stone_pickaxe":74,"minecraft:baked_potato":2,"minecraft:wooden_pickaxe":41,"minecraft:crafting_table":8,"minecraft:diamond_pickaxe":210,"minecraft:apple":9,"minecraft:bread":34,"minecraft:iron_pickaxe":249,"minecraft:gravel":1,"minecraft:diamond_sword":109,"minecraft:wooden_sword":40,"minecraft:cobblestone":88,"minecraft:cooked_porkchop":15,"minecraft:andesite":5,"minecraft:bucket":45},"minecraft:crafted":{"minecraft:wooden_sword":1,"minecraft:oak_planks":196,"minecraft:furnace":2,"minecraft:cooked_mutton":13,"minecraft:glass":2,"minecraft:diamond_helmet":1,"minecraft:diamond_leggings":1,"minecraft:iron_boots":1,"minecraft:stone_pickaxe":2,"minecraft:chest":1,"minecraft:diamond_boots":1,"minecraft:oak_button":1,"minecraft:cooked_beef":13,"minecraft:diamond_sword":1,"minecraft:cooked_porkchop":16,"minecraft:crafting_table":3,"minecraft:wooden_pickaxe":2,"minecraft:iron_helmet":1,"minecraft:iron_sword":1,"minecraft:bread":34,"minecraft:air":0,"minecraft:iron_chestplate":1,"minecraft:diamond_pickaxe":1,"minecraft:shield":1,"minecraft:stick":132,"minecraft:iron_ingot":25,"minecraft:iron_pickaxe":1,"minecraft:wooden_axe":1,"minecraft:stone_sword":2,"minecraft:iron_leggings":1,"minecraft:torch":432,"minecraft:diamond_chestplate":1},"minecraft:killed_by":{"minecraft:warden":2,"minecraft:skeleton":1},"minecraft:picked_up":{"minecraft:crafting_table":6,"minecraft:wheat":103,"minecraft:leather_leggings":1,"minecraft:diamond_sword":1,"minecraft:enchanted_book":2,"minecraft:shield":2,"minecraft:string":5,"minecraft:diamond_leggings":2,"minecraft:cobbled_deepslate":159,"minecraft:bucket":1,"minecraft:beef":13,"minecraft:white_tulip":1,"minecraft:rose_bush":1,"minecraft:calcite":6,"minecraft:furnace":5,"minecraft:stick":1,"minecraft:raw_iron":188,"minecraft:torch":136,"minecraft:porkchop":16,"minecraft:pointed_dripstone":1,"minecraft:rotten_flesh":36,"minecraft:arrow":15,"minecraft:stone_sword":1,"minecraft:diamond_chestplate":2,"minecraft:diamond_boots":1,"minecraft:saddle":1,"minecraft:mutton":13,"minecraft:cobblestone":125,"minecraft:white_wool":10,"minecraft:leather_chestplate":3,"minecraft:glow_ink_sac":10,"minecraft:andesite":7,"minecraft:leather":2,"minecraft:tuff":9,"minecraft:oak_log":23,"minecraft:gunpowder":4,"minecraft:lapis_lazuli":32,"minecraft:dirt":29,"minecraft:name_tag":3,"minecraft:leather_boots":1,"minecraft:glass":2,"minecraft:bone":8,"minecraft:apple":9,"minecraft:bow":1,"minecraft:wheat_seeds":533,"minecraft:raw_gold":57,"minecraft:stone_pickaxe":1,"minecraft:iron_ingot":29,"minecraft:diamond_helmet":1,"minecraft:oak_planks":69,"minecraft:smooth_basalt":11,"minecraft:cooked_porkchop":31,"minecraft:gravel":2,"minecraft:spider_eye":1,"minecraft:iron_hoe":1,"minecraft:diamond":52,"minecraft:emerald":7,"minecraft:baked_potato":2,"minecraft:oak_sapling":8,"minecraft:black_wool":2,"minecraft:netherrack":4,"minecraft:coal":194,"minecraft:diamond_pickaxe":1},"minecraft:killed":{"minecraft:spider":6,"minecraft:skeleton":9,"minecraft:silverfish":1,"minecraft:pig":8,"minecraft:creeper":3,"minecraft:sheep":8,"minecraft:zombie":35,"minecraft:glow_squid":1,"minecraft:cow":6},"minecraft:mined":{"minecraft:tuff":19,"minecraft:deepslate_diamond_ore":35,"minecraft:sculk_vein":22,"minecraft:grass_block":2,"minecraft:spawner":2,"minecraft:furnace":3,"minecraft:iron_ore":63,"minecraft:cobbled_deepslate":21,"minecraft:deepslate_lapis_ore":4,"minecraft:pointed_dripstone":1,"minecraft:deepslate_iron_ore":45,"minecraft:stone":97,"minecraft:crafting_table":6,"minecraft:torch":7,"minecraft:short_grass":4,"minecraft:emerald_ore":4,"minecraft:calcite":3,"minecraft:rose_bush":1,"minecraft:sculk_sensor":1,"minecraft:tall_grass":1,"minecraft:cobblestone":6,"minecraft:deepslate_coal_ore":8,"minecraft:deepslate_gold_ore":11,"minecraft:lapis_ore":1,"minecraft:sculk":183,"minecraft:wall_torch":8,"minecraft:wheat":106,"minecraft:oak_log":23,"minecraft:coal_ore":96,"minecraft:gravel":2,"minecraft:dirt":6,"minecraft:smooth_basalt":6,"minecraft:gold_ore":8,"minecraft:oak_leaves":5,"minecraft:deepslate":124}},"DataVersion":3953}