{"stats":{"minecraft:used":{"minecraft:rose_bush":1,"minecraft:stone_sword":26,"minecraft:chest":1,"minecraft:shield":31,"minecraft:iron_sword":76,"minecraft:rotten_flesh":29,"minecraft:netherrack":8,"minecraft:torch":708,"minecraft:dirt":43,"minecraft:tuff":13,"minecraft:iron_hoe":206,"minecraft:wooden_axe":24,"minecraft:lava_bucket":8,"minecraft:furnace":4,"minecraft:oak_sapling":4,"minecraft:cooked_beef":3,"minecraft:cobbled_deepslate":195,"minecraft:pointed_dripstone":1,"minecraft:calcite":3,"minecraft:wheat_seeds":126,"minecraft:cooked_mutton":8,"minecraft:water_bucket":51,"minecraft:stone_pickaxe":74,"minecraft:baked_potato":2,"minecraft:wooden_pickaxe":41,"minecraft:diamond_axe":61,"minecraft:rail":1,"minecraft:crafting_table":13,"minecraft:diamond_pickaxe":565,"minecraft:apple":9,"minecraft:bread":65,"minecraft:iron_pickaxe":249,"minecraft:gravel":1,"minecraft:diamond_sword":364,"minecraft:wooden_sword":40,"minecraft:cobblestone":103,"minecraft:cooked_porkchop":38,"minecraft:oak_boat":1,"minecraft:bucket":60,"minecraft:andesite":7,"minecraft:kelp":2},"minecraft:killed_by":{"minecraft:warden":2,"minecraft:skeleton":1},"minecraft:killed":{"minecraft:cave_spider":2,"minecraft:spider":10,"minecraft:cod":6,"minecraft:skeleton":34,"minecraft:silverfish":1,"minecraft:pig":8,"minecraft:bat":1,"minecraft:hoglin":2,"minecraft:creeper":4,"minecraft:sheep":8,"minecraft:zombie":60,"minecraft:glow_squid":1,"minecraft:enderman":2,"minecraft:cow":6},"minecraft:mined":{"minecraft:tuff":24,"minecraft:deepslate_diamond_ore":87,"minecraft:sculk_vein":22,"minecraft:sea_lantern":1,"minecraft:obsidian":3,"minecraft:grass_block":12,"minecraft:crimson_roots":1,"minecraft:spawner":7,"minecraft:furnace":3,"minecraft:iron_ore":91,"minecraft:cobbled_deepslate":39,"minecraft:andesite":2,"minecraft:deepslate_lapis_ore":6,"minecraft:pointed_dripstone":1,"minecraft:deepslate_iron_ore":60,"minecraft:rail":2,"minecraft:stone":110,"minecraft:kelp_plant":1,"minecraft:crimson_nylium":3,"minecraft:crafting_table":7,"minecraft:torch":10,"minecraft:short_grass":11,"minecraft:emerald_ore":4,"minecraft:calcite":3,"minecraft:rose_bush":1,"minecraft:sculk_sensor":1,"minecraft:cobblestone":7,"minecraft:tall_grass":1,"minecraft:deepslate_coal_ore":8,"minecraft:deepslate_gold_ore":21,"minecraft:lapis_ore":1,"minecraft:oak_planks":53,"minecraft:sculk":199,"minecraft:wall_torch":8,"minecraft:wheat":106,"minecraft:coal_ore":185,"minecraft:oak_log":30,"minecraft:gravel":2,"minecraft:dirt":10,"minecraft:cobweb":25,"minecraft:smooth_basalt":6,"minecraft:stone_bricks":1,"minecraft:netherrack":15,"minecraft:gold_ore":8,"minecraft:oak_leaves":5,"minecraft:deepslate":208},"minecraft:picked_up":{"minecraft:crafting_table":9,"minecraft:wheat":103,"minecraft:leather_leggings":1,"minecraft:diamond_sword":1,"minecraft:enchanted_book":3,"minecraft:shield":2,"minecraft:string":36,"minecraft:diamond_leggings":2,"minecraft:cobbled_deepslate":264,"minecraft:bucket":1,"minecraft:beef":13,"minecraft:white_tulip":1,"minecraft:oak_boat":1,"minecraft:rose_bush":1,"minecraft:calcite":6,"minecraft:furnace":5,"minecraft:stick":1,"minecraft:raw_iron":232,"minecraft:torch":143,"minecraft:porkchop":23,"minecraft:pointed_dripstone":1,"minecraft:carrot":1,"minecraft:redstone":69,"minecraft:prismarine_crystals":2,"minecraft:diamond_chestplate":2,"minecraft:arrow":39,"minecraft:stone_sword":1,"minecraft:rotten_flesh":59,"minecraft:diamond_boots":1,"minecraft:saddle":1,"minecraft:cod":6,"minecraft:obsidian":8,"minecraft:mutton":13,"minecraft:rail":4,"minecraft:white_wool":10,"minecraft:cobblestone":137,"minecraft:leather_chestplate":4,"minecraft:glow_ink_sac":19,"minecraft:andesite":9,"minecraft:leather":4,"minecraft:potato":2,"minecraft:flint":1,"minecraft:tuff":17,"minecraft:oak_log":29,"minecraft:golden_boots":1,"minecraft:gunpowder":11,"minecraft:lapis_lazuli":44,"minecraft:dirt":43,"minecraft:name_tag":3,"minecraft:leather_boots":1,"minecraft:glass":2,"minecraft:bone":27,"minecraft:apple":9,"minecraft:stone_bricks":1,"minecraft:kelp":2,"minecraft:bow":3,"minecraft:wheat_seeds":534,"minecraft:raw_gold":67,"minecraft:iron_ingot":29,"minecraft:stone_pickaxe":1,"minecraft:diamond_helmet":2,"minecraft:oak_planks":128,"minecraft:smooth_basalt":11,"minecraft:cooked_porkchop":31,"minecraft:gravel":5,"minecraft:spider_eye":2,"minecraft:iron_hoe":1,"minecraft:diamond":139,"minecraft:golden_apple":1,"minecraft:bread":22,"minecraft:emerald":7,"minecraft:chainmail_helmet":1,"minecraft:baked_potato":2,"minecraft:oak_sapling":8,"minecraft:black_wool":2,"minecraft:netherrack":22,"minecraft:ender_pearl":1,"minecraft:coal":313,"minecraft:crimson_roots":2,"minecraft:diamond_pickaxe":1},"minecraft:custom":{"minecraft:interact_with_smithing_table":1,"minecraft:mob_kills":151,"minecraft:interact_with_anvil":5,"minecraft:interact_with_crafting_table":36,"minecraft:leave_game":13,"minecraft:time_since_death":117939,"minecraft:climb_one_cm":555,"minecraft:sprint_one_cm":961743,"minecraft:walk_one_cm":454568,"minecraft:damage_blocked_by_shield":1933,"minecraft:drop":156,"minecraft:talked_to_villager":1,"minecraft:play_time":291489,"minecraft:deaths":3,"minecraft:sneak_time":44059,"minecraft:walk_under_water_one_cm":85428,"minecraft:boat_one_cm":111233,"minecraft:jump":9253,"minecraft:walk_on_water_one_cm":74992,"minecraft:enchant_item":2,"minecraft:total_world_time":291489,"minecraft:interact_with_furnace":64,"minecraft:sleep_in_bed":1,"minecraft:time_since_rest":117976,"minecraft:open_enderchest":1,"minecraft:damage_taken":6943,"minecraft:trigger_trapped_chest":10,"minecraft:damage_dealt":26367,"minecraft:swim_one_cm":111303,"minecraft:fly_one_cm":1796672,"minecraft:open_chest":50,"minecraft:crouch_one_cm":179222,"minecraft:fall_one_cm":288704,"minecraft:horse_one_cm":27414},"minecraft:dropped":{"minecraft:enchanted_book":1,"minecraft:golden_boots":1,"minecraft:iron_ingot":2,"minecraft:iron_sword":1,"minecraft:wheat_seeds":408,"minecraft:lapis_lazuli":42,"minecraft:glow_ink_sac":14,"minecraft:diamond":3,"minecraft:crafting_table":1,"minecraft:cooked_porkchop":64,"minecraft:diamond_leggings":1,"minecraft:prismarine_crystals":2,"minecraft:iron_helmet":1,"minecraft:cobblestone":6,"minecraft:spectral_arrow":1,"minecraft:leather":2,"minecraft:saddle":3,"minecraft:chainmail_helmet":1,"minecraft:rail":3,"minecraft:golden_apple":1,"minecraft:flint":1,"minecraft:diamond_horse_armor":1,"minecraft:torch":63,"minecraft:crimson_roots":2,"minecraft:diamond_helmet":2,"minecraft:iron_leggings":1,"minecraft:iron_pickaxe":1,"minecraft:string":29,"minecraft:smooth_basalt":11,"minecraft:bone":48,"minecraft:redstone":69,"minecraft:gravel":2,"minecraft:white_tulip":1,"minecraft:cobbled_deepslate":52,"minecraft:stone_sword":2,"minecraft:tuff":4,"minecraft:wheat":1,"minecraft:rotten_flesh":39,"minecraft:oak_planks":3,"minecraft:iron_boots":1,"minecraft:name_tag":9,"minecraft:carrot":1,"minecraft:leather_chestplate":5,"minecraft:gunpowder":18,"minecraft:oak_button":1,"minecraft:diamond_chestplate":1,"minecraft:iron_chestplate":1,"minecraft:andesite":2,"minecraft:leather_boots":1,"minecraft:leather_leggings":1,"minecraft:stone_bricks":1,"minecraft:spider_eye":1,"minecraft:diamond_boots":1,"minecraft:arrow":27,"minecraft:bow":3,"minecraft:glass":4,"minecraft:stone_pickaxe":2,"minecraft:calcite":3,"minecraft:netherrack":14},"minecraft:crafted":{"minecraft:ender_chest":1,"minecraft:wooden_sword":1,"minecraft:oak_planks":220,"minecraft:blaze_powder":2,"minecraft:furnace":2,"minecraft:cooked_mutton":13,"minecraft:glass":2,"minecraft:diamond_helmet":2,"minecraft:diamond_leggings":2,"minecraft:iron_boots":1,"minecraft:stone_pickaxe":2,"minecraft:chest":1,"minecraft:diamond_boots":2,"minecraft:oak_button":1,"minecraft:ender_eye":1,"minecraft:golden_boots":2,"minecraft:cooked_beef":13,"minecraft:diamond_sword":1,"minecraft:cooked_porkchop":19,"minecraft:diamond_axe":1,"minecraft:crafting_table":6,"minecraft:wooden_pickaxe":2,"minecraft:iron_helmet":1,"minecraft:iron_sword":1,"minecraft:bucket":6,"minecraft:bread":34,"minecraft:air":0,"minecraft:oak_boat":1,"minecraft:iron_chestplate":1,"minecraft:diamond_pickaxe":3,"minecraft:shield":1,"minecraft:stick":224,"minecraft:iron_ingot":25,"minecraft:iron_pickaxe":1,"minecraft:wooden_axe":1,"minecraft:stone_sword":2,"minecraft:iron_leggings":1,"minecraft:gold_ingot":20,"minecraft:torch":776,"minecraft:diamond_chestplate":2},"minecraft:broken":{"minecraft:iron_hoe":1}},"DataVersion":3953}