{"stats":{"minecraft:used":{"minecraft:rose_bush":1,"minecraft:stone_sword":26,"minecraft:chest":1,"minecraft:shield":17,"minecraft:iron_sword":76,"minecraft:rotten_flesh":29,"minecraft:netherrack":8,"minecraft:torch":481,"minecraft:dirt":42,"minecraft:tuff":12,"minecraft:iron_hoe":206,"minecraft:wooden_axe":24,"minecraft:lava_bucket":6,"minecraft:oak_sapling":4,"minecraft:furnace":4,"minecraft:cooked_beef":3,"minecraft:cobbled_deepslate":138,"minecraft:pointed_dripstone":1,"minecraft:calcite":3,"minecraft:wheat_seeds":126,"minecraft:cooked_mutton":8,"minecraft:water_bucket":45,"minecraft:stone_pickaxe":74,"minecraft:baked_potato":2,"minecraft:wooden_pickaxe":41,"minecraft:crafting_table":9,"minecraft:diamond_pickaxe":389,"minecraft:apple":9,"minecraft:bread":56,"minecraft:iron_pickaxe":249,"minecraft:gravel":1,"minecraft:diamond_sword":206,"minecraft:wooden_sword":40,"minecraft:cobblestone":100,"minecraft:cooked_porkchop":18,"minecraft:andesite":6,"minecraft:bucket":51},"minecraft:killed_by":{"minecraft:warden":2,"minecraft:skeleton":1},"minecraft:killed":{"minecraft:spider":7,"minecraft:skeleton":17,"minecraft:silverfish":1,"minecraft:pig":8,"minecraft:hoglin":1,"minecraft:creeper":4,"minecraft:sheep":8,"minecraft:zombie":47,"minecraft:glow_squid":1,"minecraft:enderman":1,"minecraft:cow":6},"minecraft:mined":{"minecraft:tuff":21,"minecraft:deepslate_diamond_ore":48,"minecraft:sculk_vein":22,"minecraft:grass_block":11,"minecraft:crimson_roots":1,"minecraft:spawner":3,"minecraft:furnace":3,"minecraft:iron_ore":91,"minecraft:cobbled_deepslate":24,"minecraft:andesite":1,"minecraft:deepslate_lapis_ore":6,"minecraft:pointed_dripstone":1,"minecraft:deepslate_iron_ore":56,"minecraft:stone":106,"minecraft:crimson_nylium":3,"minecraft:crafting_table":6,"minecraft:torch":7,"minecraft:short_grass":8,"minecraft:emerald_ore":4,"minecraft:calcite":3,"minecraft:rose_bush":1,"minecraft:sculk_sensor":1,"minecraft:tall_grass":1,"minecraft:cobblestone":7,"minecraft:deepslate_coal_ore":8,"minecraft:deepslate_gold_ore":21,"minecraft:lapis_ore":1,"minecraft:sculk":199,"minecraft:wall_torch":8,"minecraft:wheat":106,"minecraft:oak_log":23,"minecraft:coal_ore":134,"minecraft:gravel":2,"minecraft:dirt":10,"minecraft:smooth_basalt":6,"minecraft:netherrack":15,"minecraft:gold_ore":8,"minecraft:oak_leaves":5,"minecraft:deepslate":160},"minecraft:picked_up":{"minecraft:crafting_table":6,"minecraft:wheat":103,"minecraft:leather_leggings":1,"minecraft:diamond_sword":1,"minecraft:enchanted_book":3,"minecraft:shield":2,"minecraft:string":7,"minecraft:diamond_leggings":2,"minecraft:cobbled_deepslate":197,"minecraft:bucket":1,"minecraft:beef":13,"minecraft:white_tulip":1,"minecraft:rose_bush":1,"minecraft:calcite":6,"minecraft:furnace":5,"minecraft:stick":1,"minecraft:raw_iron":227,"minecraft:torch":137,"minecraft:porkchop":16,"minecraft:pointed_dripstone":1,"minecraft:redstone":69,"minecraft:rotten_flesh":52,"minecraft:arrow":24,"minecraft:stone_sword":1,"minecraft:diamond_chestplate":2,"minecraft:diamond_boots":1,"minecraft:saddle":1,"minecraft:mutton":13,"minecraft:cobblestone":134,"minecraft:white_wool":10,"minecraft:leather_chestplate":3,"minecraft:glow_ink_sac":16,"minecraft:andesite":8,"minecraft:leather":3,"minecraft:potato":2,"minecraft:tuff":14,"minecraft:oak_log":23,"minecraft:gunpowder":10,"minecraft:lapis_lazuli":44,"minecraft:dirt":42,"minecraft:name_tag":3,"minecraft:leather_boots":1,"minecraft:glass":2,"minecraft:bone":17,"minecraft:apple":9,"minecraft:bow":1,"minecraft:wheat_seeds":534,"minecraft:raw_gold":67,"minecraft:stone_pickaxe":1,"minecraft:iron_ingot":29,"minecraft:diamond_helmet":2,"minecraft:oak_planks":69,"minecraft:smooth_basalt":11,"minecraft:cooked_porkchop":31,"minecraft:gravel":2,"minecraft:spider_eye":1,"minecraft:iron_hoe":1,"minecraft:diamond":65,"minecraft:crimson_roots":1,"minecraft:chainmail_helmet":1,"minecraft:bread":22,"minecraft:emerald":7,"minecraft:baked_potato":2,"minecraft:oak_sapling":8,"minecraft:black_wool":2,"minecraft:netherrack":21,"minecraft:coal":232,"minecraft:ender_pearl":1,"minecraft:diamond_pickaxe":1},"minecraft:custom":{"minecraft:interact_with_smithing_table":1,"minecraft:interact_with_anvil":1,"minecraft:mob_kills":106,"minecraft:interact_with_crafting_table":27,"minecraft:leave_game":12,"minecraft:time_since_death":44551,"minecraft:climb_one_cm":151,"minecraft:sprint_one_cm":648893,"minecraft:walk_one_cm":346538,"minecraft:damage_blocked_by_shield":1069,"minecraft:drop":108,"minecraft:play_time":218101,"minecraft:deaths":3,"minecraft:sneak_time":37785,"minecraft:walk_under_water_one_cm":70469,"minecraft:jump":6808,"minecraft:walk_on_water_one_cm":63698,"minecraft:total_world_time":218101,"minecraft:interact_with_furnace":58,"minecraft:sleep_in_bed":1,"minecraft:time_since_rest":44588,"minecraft:damage_taken":5754,"minecraft:trigger_trapped_chest":10,"minecraft:damage_dealt":18732,"minecraft:fly_one_cm":1211812,"minecraft:swim_one_cm":60540,"minecraft:open_chest":21,"minecraft:crouch_one_cm":153463,"minecraft:fall_one_cm":209962},"minecraft:dropped":{"minecraft:enchanted_book":1,"minecraft:golden_boots":1,"minecraft:iron_sword":1,"minecraft:wheat_seeds":408,"minecraft:diamond":3,"minecraft:cooked_porkchop":64,"minecraft:iron_helmet":1,"minecraft:cobblestone":6,"minecraft:spectral_arrow":1,"minecraft:chainmail_helmet":1,"minecraft:diamond_horse_armor":1,"minecraft:torch":31,"minecraft:crimson_roots":1,"minecraft:diamond_helmet":1,"minecraft:iron_leggings":1,"minecraft:iron_pickaxe":1,"minecraft:string":5,"minecraft:redstone":69,"minecraft:smooth_basalt":11,"minecraft:bone":12,"minecraft:gravel":1,"minecraft:white_tulip":1,"minecraft:stone_sword":2,"minecraft:cobbled_deepslate":21,"minecraft:tuff":2,"minecraft:wheat":1,"minecraft:rotten_flesh":32,"minecraft:oak_planks":3,"minecraft:iron_boots":1,"minecraft:leather_chestplate":4,"minecraft:gunpowder":17,"minecraft:oak_button":1,"minecraft:iron_chestplate":1,"minecraft:andesite":2,"minecraft:leather_boots":1,"minecraft:leather_leggings":1,"minecraft:arrow":13,"minecraft:bow":1,"minecraft:glass":4,"minecraft:stone_pickaxe":2,"minecraft:calcite":3,"minecraft:netherrack":13},"minecraft:crafted":{"minecraft:wooden_sword":1,"minecraft:oak_planks":196,"minecraft:blaze_powder":2,"minecraft:furnace":2,"minecraft:cooked_mutton":13,"minecraft:glass":2,"minecraft:diamond_helmet":1,"minecraft:diamond_leggings":1,"minecraft:iron_boots":1,"minecraft:stone_pickaxe":2,"minecraft:chest":1,"minecraft:diamond_boots":1,"minecraft:oak_button":1,"minecraft:ender_eye":1,"minecraft:golden_boots":2,"minecraft:cooked_beef":13,"minecraft:diamond_sword":1,"minecraft:cooked_porkchop":16,"minecraft:crafting_table":4,"minecraft:wooden_pickaxe":2,"minecraft:iron_helmet":1,"minecraft:iron_sword":1,"minecraft:bucket":6,"minecraft:bread":34,"minecraft:air":0,"minecraft:iron_chestplate":1,"minecraft:diamond_pickaxe":1,"minecraft:shield":1,"minecraft:stick":148,"minecraft:iron_ingot":25,"minecraft:iron_pickaxe":1,"minecraft:wooden_axe":1,"minecraft:stone_sword":2,"minecraft:gold_ingot":9,"minecraft:iron_leggings":1,"minecraft:torch":484,"minecraft:diamond_chestplate":1},"minecraft:broken":{"minecraft:iron_hoe":1}},"DataVersion":3953}