{"stats":{"minecraft:used":{"minecraft:wooden_axe":56,"minecraft:stone_pickaxe":5,"minecraft:wooden_pickaxe":20,"minecraft:crafting_table":2,"minecraft:cooked_porkchop":4},"minecraft:killed_by":{"minecraft:skeleton":1},"minecraft:mined":{"minecraft:iron_ore":3,"minecraft:andesite":9,"minecraft:crafting_table":2,"minecraft:short_grass":6,"minecraft:red_tulip":1,"minecraft:oak_log":40,"minecraft:tall_grass":2,"minecraft:stone":8,"minecraft:white_tulip":1,"minecraft:oak_leaves":10},"minecraft:killed":{"minecraft:sheep":2,"minecraft:skeleton":1,"minecraft:zombie":1,"minecraft:pig":1},"minecraft:picked_up":{"minecraft:raw_iron":3,"minecraft:crafting_table":2,"minecraft:stick":3,"minecraft:andesite":9,"minecraft:porkchop":1,"minecraft:oak_log":40,"minecraft:bone":1,"minecraft:rotten_flesh":1,"minecraft:wheat_seeds":2,"minecraft:red_tulip":1,"minecraft:mutton":2,"minecraft:white_wool":2,"minecraft:cobblestone":7},"minecraft:custom":{"minecraft:time_since_rest":21319,"minecraft:sprint_one_cm":68263,"minecraft:damage_taken":505,"minecraft:walk_one_cm":21711,"minecraft:mob_kills":5,"minecraft:damage_dealt":558,"minecraft:interact_with_crafting_table":4,"minecraft:fly_one_cm":43552,"minecraft:open_chest":3,"minecraft:crouch_one_cm":3,"minecraft:play_time":23955,"minecraft:deaths":1,"minecraft:sneak_time":6,"minecraft:jump":201,"minecraft:walk_on_water_one_cm":265,"minecraft:time_since_death":21289,"minecraft:total_world_time":23955,"minecraft:fall_one_cm":4068},"minecraft:crafted":{"minecraft:oak_planks":24,"minecraft:crafting_table":1,"minecraft:stick":12,"minecraft:wooden_pickaxe":1,"minecraft:stone_pickaxe":1,"minecraft:wooden_axe":2,"minecraft:stone_axe":1},"minecraft:broken":{"minecraft:wooden_axe":1}},"DataVersion":3953}