{"stats":{"minecraft:used":{"minecraft:wooden_axe":37,"minecraft:crafting_table":1,"minecraft:cooked_porkchop":2},"minecraft:killed_by":{"minecraft:skeleton":1},"minecraft:mined":{"minecraft:red_tulip":1,"minecraft:oak_log":28,"minecraft:white_tulip":1,"minecraft:short_grass":3,"minecraft:oak_leaves":6,"minecraft:crafting_table":1},"minecraft:killed":{"minecraft:skeleton":1,"minecraft:pig":1,"minecraft:sheep":2},"minecraft:picked_up":{"minecraft:stick":1,"minecraft:crafting_table":1,"minecraft:bone":1,"minecraft:wheat_seeds":2,"minecraft:porkchop":1,"minecraft:red_tulip":1,"minecraft:oak_log":28,"minecraft:mutton":2,"minecraft:white_wool":2},"minecraft:custom":{"minecraft:time_since_rest":9319,"minecraft:open_chest":3,"minecraft:walk_one_cm":12645,"minecraft:crouch_one_cm":3,"minecraft:play_time":11955,"minecraft:sprint_one_cm":42567,"minecraft:damage_taken":450,"minecraft:deaths":1,"minecraft:sneak_time":6,"minecraft:mob_kills":4,"minecraft:jump":116,"minecraft:damage_dealt":358,"minecraft:time_since_death":9289,"minecraft:total_world_time":11955,"minecraft:interact_with_crafting_table":1,"minecraft:fall_one_cm":2419,"minecraft:fly_one_cm":25828},"minecraft:crafted":{"minecraft:oak_planks":24,"minecraft:crafting_table":1,"minecraft:stick":12,"minecraft:wooden_pickaxe":1,"minecraft:wooden_axe":2}},"DataVersion":3953}