{"stats":{"minecraft:dropped":{"minecraft:wheat_seeds":1,"minecraft:iron_nugget":1,"minecraft:mossy_cobblestone":1,"minecraft:wooden_shovel":1,"minecraft:spider_eye":1,"minecraft:wooden_pickaxe":1},"minecraft:picked_up":{"minecraft:birch_log":5,"minecraft:azure_bluet":1,"minecraft:wheat":3,"minecraft:crafting_table":4,"minecraft:feather":2,"minecraft:cooked_beef":11,"minecraft:chicken":1,"minecraft:leather":8,"minecraft:potato":9,"minecraft:birch_planks":6,"minecraft:oak_log":47,"minecraft:brewing_stand":1,"minecraft:yellow_bed":6,"minecraft:dirt":168,"minecraft:string":4,"minecraft:flint_and_steel":2,"minecraft:bone":2,"minecraft:apple":9,"minecraft:wheat_seeds":47,"minecraft:bell":4,"minecraft:iron_ingot":4,"minecraft:stone_pickaxe":2,"minecraft:beef":4,"minecraft:sugar_cane":40,"minecraft:chest":2,"minecraft:oak_planks":57,"minecraft:raw_iron":3,"minecraft:oak_slab":12,"minecraft:stick":8,"minecraft:cooked_porkchop":9,"minecraft:composter":4,"minecraft:oak_fence":36,"minecraft:torch":8,"minecraft:dandelion":1,"minecraft:gravel":15,"minecraft:poisonous_potato":1,"minecraft:porkchop":18,"minecraft:sand":4,"minecraft:carrot":25,"minecraft:white_bed":8,"minecraft:mossy_cobblestone":1,"minecraft:spider_eye":2,"minecraft:stone_sword":1,"minecraft:arrow":2,"minecraft:rotten_flesh":4,"minecraft:stone_axe":1,"minecraft:coal":5,"minecraft:mutton":12,"minecraft:white_wool":4,"minecraft:cobblestone":23},"minecraft:custom":{"minecraft:interact_with_furnace":3,"minecraft:mob_kills":38,"minecraft:interact_with_crafting_table":19,"minecraft:bell_ring":30,"minecraft:leave_game":4,"minecraft:time_since_death":44808,"minecraft:sleep_in_bed":1,"minecraft:climb_one_cm":1079,"minecraft:time_since_rest":2127,"minecraft:sprint_one_cm":140993,"minecraft:damage_taken":810,"minecraft:walk_one_cm":99306,"minecraft:drop":6,"minecraft:damage_dealt":5517,"minecraft:talked_to_villager":3,"minecraft:swim_one_cm":22580,"minecraft:fly_one_cm":272126,"minecraft:open_chest":12,"minecraft:crouch_one_cm":23172,"minecraft:play_time":53178,"minecraft:deaths":1,"minecraft:sneak_time":6691,"minecraft:walk_under_water_one_cm":3024,"minecraft:jump":1275,"minecraft:walk_on_water_one_cm":8550,"minecraft:total_world_time":53178,"minecraft:fall_one_cm":32427},"minecraft:killed_by":{"minecraft:zombie":1},"minecraft:broken":{"minecraft:golden_axe":1,"minecraft:stone_axe":1,"minecraft:stone_shovel":1},"minecraft:used":{"minecraft:oak_trapdoor":2,"minecraft:water_bucket":3,"minecraft:stone_sword":87,"minecraft:flint_and_steel":10,"minecraft:birch_planks":6,"minecraft:stone_shovel":156,"minecraft:stone_pickaxe":26,"minecraft:oak_planks":190,"minecraft:chest":4,"minecraft:wooden_pickaxe":9,"minecraft:sugar_cane":32,"minecraft:composter":2,"minecraft:bell":3,"minecraft:wooden_shovel":3,"minecraft:stone_hoe":46,"minecraft:white_wool":1,"minecraft:torch":8,"minecraft:dirt":114,"minecraft:sand":4,"minecraft:oak_slab":3,"minecraft:crafting_table":5,"minecraft:carrot":25,"minecraft:white_bed":7,"minecraft:chicken":1,"minecraft:stone_axe":131,"minecraft:golden_sword":41,"minecraft:cobblestone":2,"minecraft:beef":1,"minecraft:furnace":1,"minecraft:porkchop":3,"minecraft:cooked_porkchop":9,"minecraft:bucket":4,"minecraft:yellow_bed":5,"minecraft:potato":11,"minecraft:golden_axe":30},"minecraft:killed":{"minecraft:pig":14,"minecraft:spider":2,"minecraft:iron_golem":1,"minecraft:sheep":4,"minecraft:skeleton":3,"minecraft:zombie":6,"minecraft:chicken":1,"minecraft:cow":6},"minecraft:crafted":{"minecraft:oak_planks":188,"minecraft:wooden_shovel":1,"minecraft:stone_shovel":3,"minecraft:crafting_table":2,"minecraft:wooden_pickaxe":1,"minecraft:furnace":1,"minecraft:bucket":1,"minecraft:birch_planks":20,"minecraft:stone_axe":1,"minecraft:air":0,"minecraft:oak_trapdoor":2,"minecraft:flint_and_steel":1,"minecraft:stick":16,"minecraft:iron_ingot":4,"minecraft:stone_pickaxe":1,"minecraft:stone_sword":1,"minecraft:chest":2,"minecraft:stone_hoe":1},"minecraft:mined":{"minecraft:oak_slab":12,"minecraft:white_bed":8,"minecraft:farmland":1,"minecraft:mossy_cobblestone":1,"minecraft:dandelion":1,"minecraft:brewing_stand":1,"minecraft:oak_fence":36,"minecraft:crafting_table":3,"minecraft:short_grass":39,"minecraft:grass_block":20,"minecraft:chest":2,"minecraft:cobblestone":1,"minecraft:tall_grass":14,"minecraft:composter":4,"minecraft:oak_planks":42,"minecraft:sugar_cane":17,"minecraft:wall_torch":1,"minecraft:tall_seagrass":1,"minecraft:carrots":16,"minecraft:wheat":34,"minecraft:birch_log":5,"minecraft:iron_ore":3,"minecraft:fire":9,"minecraft:azure_bluet":1,"minecraft:yellow_bed":6,"minecraft:bell":2,"minecraft:potatoes":5,"minecraft:coal_ore":5,"minecraft:oak_log":48,"minecraft:dirt_path":17,"minecraft:gravel":24,"minecraft:dirt":120,"minecraft:sand":4,"minecraft:stone":22,"minecraft:oak_leaves":6}},"DataVersion":3953}