{"stats":{"minecraft:crafted":{"minecraft:grindstone":2,"minecraft:smooth_stone":3,"minecraft:oak_planks":4496,"minecraft:cobblestone_slab":6,"minecraft:stone":6,"minecraft:bookshelf":20,"minecraft:nether_brick":64,"minecraft:cooked_mutton":13,"minecraft:quartz_block":326,"minecraft:diamond_helmet":1,"minecraft:diamond_leggings":1,"minecraft:iron_boots":10,"minecraft:chest":5,"minecraft:stone_hoe":1,"minecraft:oak_slab":18,"minecraft:wooden_shovel":1,"minecraft:emerald":327,"minecraft:crafting_table":6,"minecraft:wooden_pickaxe":1,"minecraft:chainmail_chestplate":8,"minecraft:smithing_table":1,"minecraft:fletching_table":2,"minecraft:birch_planks":868,"minecraft:lectern":3,"minecraft:book":8,"minecraft:paper":24,"minecraft:diamond_pickaxe":4,"minecraft:stick":10134,"minecraft:stone_slab":6,"minecraft:iron_ingot":306,"minecraft:iron_pickaxe":1,"minecraft:iron_block":3,"minecraft:stone_sword":2,"minecraft:stone_shovel":4,"minecraft:furnace":3,"minecraft:blast_furnace":1,"minecraft:bone_meal":288,"minecraft:oak_trapdoor":2,"minecraft:flint_and_steel":1,"minecraft:iron_axe":3,"minecraft:stone_pickaxe":11,"minecraft:diamond_boots":2,"minecraft:diamond_sword":1,"minecraft:enchanting_table":1,"minecraft:bucket":3,"minecraft:stone_axe":5,"minecraft:enchanted_book":2,"minecraft:bread":67,"minecraft:air":0,"minecraft:oak_boat":2,"minecraft:chainmail_boots":12,"minecraft:anvil":1,"minecraft:torch":8,"minecraft:diamond_chestplate":1},"minecraft:picked_up":{"minecraft:wooden_axe":1,"minecraft:iron_chestplate":1,"minecraft:wheat":24,"minecraft:chainmail_boots":5,"minecraft:smithing_table":2,"minecraft:lead":3,"minecraft:brewing_stand":1,"minecraft:string":22,"minecraft:raw_copper":11,"minecraft:gold_nugget":9,"minecraft:cobbled_deepslate":824,"minecraft:trial_key":1,"minecraft:cobblestone_slab":1,"minecraft:iron_pickaxe":3,"minecraft:enchanted_golden_apple":1,"minecraft:furnace":2,"minecraft:iron_boots":8,"minecraft:stick":60,"minecraft:composter":4,"minecraft:oak_fence":36,"minecraft:torch":15,"minecraft:porkchop":19,"minecraft:diorite":23,"minecraft:stone_sword":2,"minecraft:rotten_flesh":50,"minecraft:blaze_rod":1,"minecraft:obsidian":5,"minecraft:cobblestone":434,"minecraft:birch_log":231,"minecraft:enchanting_table":7,"minecraft:magma_block":1,"minecraft:leather_chestplate":1,"minecraft:feather":2,"minecraft:cooked_beef":12,"minecraft:andesite":45,"minecraft:potato":32,"minecraft:flint":5,"minecraft:tuff":77,"minecraft:cherry_fence":1,"minecraft:dirt":376,"minecraft:bone":18,"minecraft:bow":1,"minecraft:wheat_seeds":174,"minecraft:raw_gold":4,"minecraft:bell":4,"minecraft:bolt_armor_trim_smithing_template":1,"minecraft:fletching_table":1,"minecraft:oak_planks":71,"minecraft:cooked_porkchop":30,"minecraft:poisonous_potato":1,"minecraft:sand":4,"minecraft:barrel":7,"minecraft:mossy_cobblestone":1,"minecraft:iron_hoe":1,"minecraft:diamond":235,"minecraft:granite":39,"minecraft:emerald":7,"minecraft:bread":13,"minecraft:oak_sapling":74,"minecraft:netherrack":555,"minecraft:crimson_roots":2,"minecraft:fishing_rod":1,"minecraft:crafting_table":10,"minecraft:ominous_bottle":2,"minecraft:azure_bluet":2,"minecraft:chicken":1,"minecraft:wooden_pickaxe":1,"minecraft:gold_block":1,"minecraft:shield":1,"minecraft:oak_trapdoor":3,"minecraft:iron_axe":2,"minecraft:flint_and_steel":2,"minecraft:blackstone":15,"minecraft:beef":9,"minecraft:oak_boat":1,"minecraft:lectern":51,"minecraft:sugar_cane":362,"minecraft:chest":3,"minecraft:birch_sapling":6,"minecraft:egg":1,"minecraft:raw_iron":308,"minecraft:carrot":1332,"minecraft:redstone":120,"minecraft:tnt":6,"minecraft:arrow":39,"minecraft:cooked_cod":5,"minecraft:nether_bricks":3,"minecraft:gold_ingot":10,"minecraft:tuff_bricks":6,"minecraft:mutton":24,"minecraft:bone_block":68,"minecraft:rail":2,"minecraft:white_wool":11,"minecraft:oxeye_daisy":2,"minecraft:salmon":18,"minecraft:leather":10,"minecraft:birch_planks":6,"minecraft:crimson_fungus":1,"minecraft:oak_log":1405,"minecraft:golden_boots":1,"minecraft:yellow_bed":9,"minecraft:gunpowder":4,"minecraft:cooked_mutton":6,"minecraft:apple":17,"minecraft:kelp":1,"minecraft:heart_of_the_sea":1,"minecraft:iron_ingot":15,"minecraft:stone_pickaxe":5,"minecraft:iron_sword":1,"minecraft:book":3,"minecraft:oak_slab":12,"minecraft:quartz":1386,"minecraft:dandelion":7,"minecraft:gravel":74,"minecraft:lava_bucket":1,"minecraft:blast_furnace":6,"minecraft:white_bed":18,"minecraft:spider_eye":3,"minecraft:slime_ball":4,"minecraft:stone_axe":1,"minecraft:oak_button":1,"minecraft:coal":83},"minecraft:mined":{"minecraft:white_bed":18,"minecraft:farmland":1,"minecraft:brewing_stand":1,"minecraft:obsidian":5,"minecraft:granite":32,"minecraft:grass_block":75,"minecraft:composter":4,"minecraft:oxeye_daisy":2,"minecraft:tuff_bricks":6,"minecraft:tall_seagrass":3,"minecraft:cobbled_deepslate":32,"minecraft:barrel":8,"minecraft:iron_ore":100,"minecraft:fire":23,"minecraft:polished_tuff":2,"minecraft:fletching_table":1,"minecraft:azure_bluet":1,"minecraft:enchanting_table":7,"minecraft:dirt_path":25,"minecraft:deepslate_redstone_ore":24,"minecraft:blackstone":15,"minecraft:crimson_nylium":1,"minecraft:torch":1,"minecraft:blast_furnace":6,"minecraft:chest":3,"minecraft:nether_quartz_ore":662,"minecraft:cobblestone":46,"minecraft:oak_planks":52,"minecraft:sugar_cane":197,"minecraft:wall_torch":2,"minecraft:seagrass":1,"minecraft:cherry_fence":1,"minecraft:birch_log":146,"minecraft:wheat":54,"minecraft:oak_log":792,"minecraft:sand":4,"minecraft:dirt":219,"minecraft:netherrack":667,"minecraft:oak_leaves":121,"minecraft:deepslate":815,"minecraft:nether_gold_ore":2,"minecraft:tuff":77,"minecraft:mossy_cobblestone":1,"minecraft:deepslate_diamond_ore":203,"minecraft:nether_bricks":4,"minecraft:crimson_roots":2,"minecraft:kelp":1,"minecraft:redstone_ore":1,"minecraft:oak_trapdoor":3,"minecraft:furnace":2,"minecraft:carrots":270,"minecraft:andesite":52,"minecraft:gold_block":1,"minecraft:bell":2,"minecraft:bookshelf":1,"minecraft:potatoes":5,"minecraft:cobblestone_slab":1,"minecraft:deepslate_iron_ore":210,"minecraft:rail":2,"minecraft:stone":435,"minecraft:bone_block":68,"minecraft:smithing_table":2,"minecraft:oak_slab":12,"minecraft:dandelion":6,"minecraft:oak_fence":36,"minecraft:crafting_table":8,"minecraft:short_grass":122,"minecraft:lectern":51,"minecraft:copper_ore":3,"minecraft:tall_grass":34,"minecraft:deepslate_gold_ore":4,"minecraft:diorite":38,"minecraft:birch_leaves":4,"minecraft:yellow_bed":9,"minecraft:coal_ore":54,"minecraft:gravel":80},"minecraft:custom":{"minecraft:interact_with_crafting_table":75,"minecraft:open_barrel":3,"minecraft:bell_ring":30,"minecraft:leave_game":43,"minecraft:time_since_death":445208,"minecraft:sprint_one_cm":1042367,"minecraft:damage_blocked_by_shield":333,"minecraft:drop":175,"minecraft:talked_to_villager":225,"minecraft:play_time":453578,"minecraft:deaths":1,"minecraft:jump":10277,"minecraft:walk_on_water_one_cm":38905,"minecraft:enchant_item":11,"minecraft:interact_with_furnace":122,"minecraft:traded_with_villager":401,"minecraft:sleep_in_bed":6,"minecraft:damage_dealt":29094,"minecraft:player_kills":3,"minecraft:crouch_one_cm":162812,"minecraft:inspect_dispenser":7,"minecraft:horse_one_cm":24024,"minecraft:interact_with_smithing_table":4,"minecraft:interact_with_anvil":5,"minecraft:mob_kills":166,"minecraft:climb_one_cm":1480,"minecraft:walk_one_cm":775271,"minecraft:sneak_time":56871,"minecraft:walk_under_water_one_cm":13755,"minecraft:boat_one_cm":418018,"minecraft:interact_with_blast_furnace":2,"minecraft:total_world_time":453578,"minecraft:interact_with_grindstone":10,"minecraft:time_since_rest":57087,"minecraft:damage_taken":6918,"minecraft:swim_one_cm":136733,"minecraft:fly_one_cm":2091612,"minecraft:open_chest":228,"minecraft:fall_one_cm":298038},"minecraft:killed":{"minecraft:zombified_piglin":1,"minecraft:witch":1,"minecraft:spider":17,"minecraft:skeleton":33,"minecraft:chicken":1,"minecraft:piglin":6,"minecraft:pig":14,"minecraft:iron_golem":1,"minecraft:creeper":7,"minecraft:sheep":8,"minecraft:zombie":51,"minecraft:ghast":1,"minecraft:blaze":1,"minecraft:cow":7,"minecraft:slime":4,"minecraft:drowned":1,"minecraft:hoglin":3,"minecraft:villager":1},"minecraft:killed_by":{"minecraft:zombie":1},"minecraft:used":{"minecraft:chest":8,"minecraft:shield":6,"minecraft:bell":3,"minecraft:rotten_flesh":14,"minecraft:carrot":328,"minecraft:tuff":70,"minecraft:obsidian":1,"minecraft:lava_bucket":18,"minecraft:birch_sapling":1,"minecraft:crimson_roots":1,"minecraft:golden_sword":41,"minecraft:furnace":2,"minecraft:egg":1,"minecraft:potato":11,"minecraft:diorite":15,"minecraft:stone_pickaxe":26,"minecraft:oak_planks":194,"minecraft:blackstone":6,"minecraft:wooden_pickaxe":9,"minecraft:composter":2,"minecraft:sugar_cane":127,"minecraft:white_wool":2,"minecraft:sand":4,"minecraft:blast_furnace":7,"minecraft:bread":81,"minecraft:lectern":54,"minecraft:gravel":8,"minecraft:diamond_sword":133,"minecraft:grindstone":2,"minecraft:smithing_table":3,"minecraft:andesite":22,"minecraft:oak_boat":2,"minecraft:bone_meal":288,"minecraft:oak_trapdoor":5,"minecraft:enchanting_table":8,"minecraft:stone_sword":301,"minecraft:flint_and_steel":13,"minecraft:stone_shovel":299,"minecraft:wooden_shovel":3,"minecraft:stone_hoe":143,"minecraft:trial_key":1,"minecraft:netherrack":554,"minecraft:torch":15,"minecraft:dirt":249,"minecraft:anvil":1,"minecraft:granite":15,"minecraft:bookshelf":21,"minecraft:iron_axe":760,"minecraft:barrel":7,"minecraft:diamond_chestplate":1,"minecraft:beef":1,"minecraft:cooked_beef":11,"minecraft:cobbled_deepslate":659,"minecraft:cherry_fence":1,"minecraft:golden_axe":30,"minecraft:wheat_seeds":19,"minecraft:cooked_mutton":19,"minecraft:water_bucket":127,"minecraft:birch_planks":6,"minecraft:fletching_table":3,"minecraft:cobblestone_slab":7,"minecraft:oak_slab":3,"minecraft:crafting_table":14,"minecraft:white_bed":17,"minecraft:diamond_pickaxe":3315,"minecraft:apple":2,"minecraft:chicken":1,"minecraft:oak_button":1,"minecraft:iron_pickaxe":250,"minecraft:stone_axe":412,"minecraft:cobblestone":385,"minecraft:cooked_porkchop":18,"minecraft:porkchop":3,"minecraft:bucket":149,"minecraft:yellow_bed":9,"minecraft:diamond_leggings":1},"minecraft:dropped":{"minecraft:diamond":95,"minecraft:rail":2,"minecraft:flint":2,"minecraft:dirt":1,"minecraft:iron_pickaxe":1,"minecraft:bone":6,"minecraft:crimson_fungus":1,"minecraft:stone_axe":1,"minecraft:blackstone":3,"minecraft:iron_nugget":1,"minecraft:cobbled_deepslate":3,"minecraft:nether_brick":64,"minecraft:birch_sapling":4,"minecraft:rotten_flesh":21,"minecraft:oak_planks":4,"minecraft:azure_bluet":1,"minecraft:carrot":1003,"minecraft:chainmail_chestplate":8,"minecraft:quartz_block":326,"minecraft:chainmail_boots":17,"minecraft:arrow":4,"minecraft:quartz":82,"minecraft:netherrack":1,"minecraft:golden_boots":1,"minecraft:stone_hoe":1,"minecraft:oak_slab":7,"minecraft:wheat_seeds":149,"minecraft:mossy_cobblestone":1,"minecraft:poisonous_potato":1,"minecraft:cobblestone":2,"minecraft:granite":16,"minecraft:stick":7,"minecraft:oxeye_daisy":2,"minecraft:diorite":8,"minecraft:torch":3,"minecraft:iron_axe":1,"minecraft:string":8,"minecraft:dandelion":5,"minecraft:kelp":1,"minecraft:stone_sword":1,"minecraft:raw_iron":3,"minecraft:iron_boots":18,"minecraft:potato":4,"minecraft:diamond_pickaxe":1,"minecraft:andesite":23,"minecraft:oak_sapling":43,"minecraft:wooden_shovel":1,"minecraft:spider_eye":2,"minecraft:diamond_boots":1,"minecraft:bow":1,"minecraft:stone_pickaxe":12,"minecraft:wooden_pickaxe":1},"minecraft:broken":{"minecraft:diamond_pickaxe":1,"minecraft:stone_axe":2,"minecraft:stone_shovel":1,"minecraft:stone_sword":1,"minecraft:golden_axe":1,"minecraft:iron_axe":2,"minecraft:iron_pickaxe":1}},"DataVersion":3953}