{"stats":{"minecraft:dropped":{"minecraft:diamond":95,"minecraft:rail":2,"minecraft:flint":2,"minecraft:dirt":1,"minecraft:iron_pickaxe":1,"minecraft:bone":6,"minecraft:stone_axe":1,"minecraft:iron_nugget":1,"minecraft:cobbled_deepslate":3,"minecraft:nether_brick":64,"minecraft:rotten_flesh":17,"minecraft:oak_planks":4,"minecraft:azure_bluet":1,"minecraft:carrot":1003,"minecraft:chainmail_chestplate":8,"minecraft:chainmail_boots":17,"minecraft:arrow":3,"minecraft:netherrack":1,"minecraft:stone_hoe":1,"minecraft:golden_boots":1,"minecraft:oak_slab":7,"minecraft:wheat_seeds":52,"minecraft:mossy_cobblestone":1,"minecraft:poisonous_potato":1,"minecraft:granite":16,"minecraft:stick":7,"minecraft:oxeye_daisy":2,"minecraft:diorite":8,"minecraft:torch":3,"minecraft:string":6,"minecraft:dandelion":4,"minecraft:kelp":1,"minecraft:stone_sword":1,"minecraft:raw_iron":3,"minecraft:iron_boots":18,"minecraft:potato":4,"minecraft:andesite":23,"minecraft:wooden_shovel":1,"minecraft:spider_eye":2,"minecraft:bow":1,"minecraft:stone_pickaxe":12,"minecraft:wooden_pickaxe":1},"minecraft:picked_up":{"minecraft:wooden_axe":1,"minecraft:iron_chestplate":1,"minecraft:wheat":3,"minecraft:chainmail_boots":5,"minecraft:smithing_table":2,"minecraft:lead":3,"minecraft:brewing_stand":1,"minecraft:string":20,"minecraft:raw_copper":11,"minecraft:gold_nugget":9,"minecraft:cobbled_deepslate":824,"minecraft:trial_key":1,"minecraft:cobblestone_slab":1,"minecraft:iron_pickaxe":3,"minecraft:enchanted_golden_apple":1,"minecraft:furnace":2,"minecraft:iron_boots":8,"minecraft:stick":45,"minecraft:composter":4,"minecraft:oak_fence":36,"minecraft:torch":14,"minecraft:porkchop":19,"minecraft:diorite":23,"minecraft:stone_sword":2,"minecraft:rotten_flesh":46,"minecraft:blaze_rod":1,"minecraft:obsidian":5,"minecraft:cobblestone":427,"minecraft:birch_log":177,"minecraft:enchanting_table":6,"minecraft:magma_block":1,"minecraft:leather_chestplate":1,"minecraft:feather":2,"minecraft:cooked_beef":12,"minecraft:andesite":45,"minecraft:potato":32,"minecraft:flint":5,"minecraft:tuff":77,"minecraft:cherry_fence":1,"minecraft:dirt":360,"minecraft:bone":18,"minecraft:bow":1,"minecraft:wheat_seeds":58,"minecraft:raw_gold":4,"minecraft:bell":4,"minecraft:bolt_armor_trim_smithing_template":1,"minecraft:fletching_table":1,"minecraft:oak_planks":71,"minecraft:cooked_porkchop":21,"minecraft:poisonous_potato":1,"minecraft:sand":4,"minecraft:barrel":7,"minecraft:mossy_cobblestone":1,"minecraft:iron_hoe":1,"minecraft:diamond":235,"minecraft:granite":39,"minecraft:emerald":7,"minecraft:bread":7,"minecraft:oak_sapling":27,"minecraft:netherrack":243,"minecraft:crimson_roots":1,"minecraft:fishing_rod":1,"minecraft:crafting_table":10,"minecraft:azure_bluet":2,"minecraft:chicken":1,"minecraft:wooden_pickaxe":1,"minecraft:gold_block":1,"minecraft:shield":1,"minecraft:oak_trapdoor":3,"minecraft:iron_axe":2,"minecraft:flint_and_steel":2,"minecraft:blackstone":15,"minecraft:beef":9,"minecraft:oak_boat":1,"minecraft:lectern":46,"minecraft:sugar_cane":362,"minecraft:chest":3,"minecraft:birch_sapling":2,"minecraft:egg":1,"minecraft:raw_iron":308,"minecraft:carrot":1332,"minecraft:redstone":120,"minecraft:tnt":6,"minecraft:arrow":39,"minecraft:cooked_cod":5,"minecraft:nether_bricks":3,"minecraft:gold_ingot":10,"minecraft:tuff_bricks":6,"minecraft:mutton":24,"minecraft:bone_block":68,"minecraft:white_wool":11,"minecraft:rail":2,"minecraft:oxeye_daisy":2,"minecraft:salmon":18,"minecraft:leather":9,"minecraft:birch_planks":6,"minecraft:oak_log":803,"minecraft:yellow_bed":9,"minecraft:golden_boots":1,"minecraft:gunpowder":4,"minecraft:cooked_mutton":6,"minecraft:apple":12,"minecraft:kelp":1,"minecraft:heart_of_the_sea":1,"minecraft:iron_ingot":15,"minecraft:stone_pickaxe":5,"minecraft:iron_sword":1,"minecraft:oak_slab":12,"minecraft:dandelion":6,"minecraft:gravel":74,"minecraft:lava_bucket":1,"minecraft:blast_furnace":6,"minecraft:white_bed":18,"minecraft:spider_eye":3,"minecraft:slime_ball":4,"minecraft:stone_axe":1,"minecraft:coal":66},"minecraft:custom":{"minecraft:interact_with_crafting_table":57,"minecraft:open_barrel":3,"minecraft:bell_ring":30,"minecraft:leave_game":41,"minecraft:time_since_death":356770,"minecraft:sprint_one_cm":799083,"minecraft:damage_blocked_by_shield":123,"minecraft:drop":145,"minecraft:talked_to_villager":186,"minecraft:play_time":365140,"minecraft:deaths":1,"minecraft:jump":7901,"minecraft:walk_on_water_one_cm":34347,"minecraft:enchant_item":6,"minecraft:interact_with_furnace":102,"minecraft:traded_with_villager":286,"minecraft:sleep_in_bed":5,"minecraft:damage_dealt":23988,"minecraft:player_kills":3,"minecraft:crouch_one_cm":131262,"minecraft:inspect_dispenser":7,"minecraft:horse_one_cm":24024,"minecraft:interact_with_smithing_table":4,"minecraft:mob_kills":142,"minecraft:climb_one_cm":1118,"minecraft:walk_one_cm":635522,"minecraft:sneak_time":47491,"minecraft:walk_under_water_one_cm":12129,"minecraft:boat_one_cm":418018,"minecraft:interact_with_blast_furnace":2,"minecraft:total_world_time":365140,"minecraft:time_since_rest":9939,"minecraft:damage_taken":5437,"minecraft:swim_one_cm":116598,"minecraft:fly_one_cm":1597651,"minecraft:open_chest":173,"minecraft:fall_one_cm":225928},"minecraft:killed_by":{"minecraft:zombie":1},"minecraft:broken":{"minecraft:diamond_pickaxe":1,"minecraft:stone_axe":2,"minecraft:stone_shovel":1,"minecraft:stone_sword":1,"minecraft:golden_axe":1,"minecraft:iron_axe":1,"minecraft:iron_pickaxe":1},"minecraft:used":{"minecraft:chest":8,"minecraft:shield":3,"minecraft:bell":3,"minecraft:rotten_flesh":14,"minecraft:carrot":328,"minecraft:tuff":70,"minecraft:obsidian":1,"minecraft:lava_bucket":18,"minecraft:birch_sapling":1,"minecraft:golden_sword":41,"minecraft:furnace":2,"minecraft:egg":1,"minecraft:potato":11,"minecraft:diorite":15,"minecraft:stone_pickaxe":26,"minecraft:oak_planks":194,"minecraft:blackstone":6,"minecraft:wooden_pickaxe":9,"minecraft:composter":2,"minecraft:sugar_cane":127,"minecraft:white_wool":2,"minecraft:sand":4,"minecraft:blast_furnace":7,"minecraft:bread":49,"minecraft:lectern":48,"minecraft:gravel":8,"minecraft:diamond_sword":54,"minecraft:smithing_table":3,"minecraft:andesite":22,"minecraft:oak_boat":2,"minecraft:bone_meal":288,"minecraft:oak_trapdoor":5,"minecraft:enchanting_table":7,"minecraft:stone_sword":301,"minecraft:flint_and_steel":12,"minecraft:stone_shovel":299,"minecraft:wooden_shovel":3,"minecraft:stone_hoe":143,"minecraft:trial_key":1,"minecraft:netherrack":242,"minecraft:torch":14,"minecraft:dirt":232,"minecraft:granite":15,"minecraft:iron_axe":410,"minecraft:barrel":7,"minecraft:beef":1,"minecraft:cooked_beef":11,"minecraft:cobbled_deepslate":659,"minecraft:cherry_fence":1,"minecraft:golden_axe":30,"minecraft:cooked_mutton":19,"minecraft:water_bucket":97,"minecraft:birch_planks":6,"minecraft:fletching_table":3,"minecraft:cobblestone_slab":4,"minecraft:oak_slab":3,"minecraft:crafting_table":14,"minecraft:white_bed":17,"minecraft:diamond_pickaxe":2220,"minecraft:apple":2,"minecraft:chicken":1,"minecraft:iron_pickaxe":250,"minecraft:stone_axe":412,"minecraft:cobblestone":313,"minecraft:cooked_porkchop":9,"minecraft:porkchop":3,"minecraft:bucket":119,"minecraft:yellow_bed":9},"minecraft:killed":{"minecraft:zombified_piglin":1,"minecraft:witch":1,"minecraft:spider":13,"minecraft:skeleton":33,"minecraft:chicken":1,"minecraft:pig":14,"minecraft:iron_golem":1,"minecraft:creeper":7,"minecraft:sheep":8,"minecraft:zombie":44,"minecraft:blaze":1,"minecraft:cow":7,"minecraft:slime":4,"minecraft:drowned":1,"minecraft:villager":1},"minecraft:crafted":{"minecraft:smooth_stone":3,"minecraft:oak_planks":3484,"minecraft:cobblestone_slab":6,"minecraft:stone":3,"minecraft:bookshelf":2,"minecraft:nether_brick":64,"minecraft:cooked_mutton":13,"minecraft:diamond_helmet":1,"minecraft:diamond_leggings":1,"minecraft:iron_boots":10,"minecraft:chest":5,"minecraft:stone_hoe":1,"minecraft:oak_slab":6,"minecraft:wooden_shovel":1,"minecraft:emerald":232,"minecraft:crafting_table":6,"minecraft:wooden_pickaxe":1,"minecraft:smithing_table":1,"minecraft:chainmail_chestplate":8,"minecraft:fletching_table":2,"minecraft:birch_planks":396,"minecraft:lectern":2,"minecraft:book":8,"minecraft:paper":24,"minecraft:diamond_pickaxe":2,"minecraft:stick":7190,"minecraft:iron_ingot":306,"minecraft:iron_pickaxe":1,"minecraft:stone_sword":2,"minecraft:stone_shovel":4,"minecraft:furnace":3,"minecraft:blast_furnace":1,"minecraft:bone_meal":288,"minecraft:oak_trapdoor":2,"minecraft:flint_and_steel":1,"minecraft:iron_axe":2,"minecraft:stone_pickaxe":11,"minecraft:diamond_boots":2,"minecraft:diamond_sword":1,"minecraft:enchanting_table":1,"minecraft:bucket":3,"minecraft:stone_axe":5,"minecraft:enchanted_book":1,"minecraft:bread":60,"minecraft:air":0,"minecraft:oak_boat":2,"minecraft:chainmail_boots":12,"minecraft:torch":8,"minecraft:diamond_chestplate":1},"minecraft:mined":{"minecraft:white_bed":18,"minecraft:farmland":1,"minecraft:brewing_stand":1,"minecraft:obsidian":5,"minecraft:granite":32,"minecraft:grass_block":75,"minecraft:composter":4,"minecraft:oxeye_daisy":2,"minecraft:tuff_bricks":6,"minecraft:tall_seagrass":3,"minecraft:barrel":8,"minecraft:cobbled_deepslate":32,"minecraft:iron_ore":100,"minecraft:fire":16,"minecraft:polished_tuff":2,"minecraft:fletching_table":1,"minecraft:azure_bluet":1,"minecraft:enchanting_table":6,"minecraft:dirt_path":25,"minecraft:deepslate_redstone_ore":24,"minecraft:blackstone":15,"minecraft:blast_furnace":6,"minecraft:chest":3,"minecraft:cobblestone":45,"minecraft:sugar_cane":197,"minecraft:oak_planks":52,"minecraft:wall_torch":2,"minecraft:seagrass":1,"minecraft:cherry_fence":1,"minecraft:birch_log":91,"minecraft:wheat":34,"minecraft:oak_log":510,"minecraft:sand":4,"minecraft:dirt":219,"minecraft:netherrack":268,"minecraft:oak_leaves":71,"minecraft:deepslate":815,"minecraft:nether_gold_ore":2,"minecraft:tuff":77,"minecraft:mossy_cobblestone":1,"minecraft:deepslate_diamond_ore":203,"minecraft:nether_bricks":4,"minecraft:crimson_roots":1,"minecraft:kelp":1,"minecraft:redstone_ore":1,"minecraft:oak_trapdoor":3,"minecraft:furnace":2,"minecraft:carrots":270,"minecraft:andesite":52,"minecraft:gold_block":1,"minecraft:bell":2,"minecraft:potatoes":5,"minecraft:cobblestone_slab":1,"minecraft:deepslate_iron_ore":210,"minecraft:rail":2,"minecraft:stone":411,"minecraft:bone_block":68,"minecraft:smithing_table":2,"minecraft:oak_slab":12,"minecraft:dandelion":5,"minecraft:oak_fence":36,"minecraft:crafting_table":8,"minecraft:short_grass":117,"minecraft:lectern":46,"minecraft:tall_grass":34,"minecraft:copper_ore":3,"minecraft:deepslate_gold_ore":4,"minecraft:diorite":38,"minecraft:birch_leaves":1,"minecraft:yellow_bed":9,"minecraft:coal_ore":47,"minecraft:gravel":80}},"DataVersion":3953}