{"stats":{"minecraft:picked_up":{"minecraft:crafting_table":4,"minecraft:wheat":3,"minecraft:azure_bluet":2,"minecraft:chicken":1,"minecraft:brewing_stand":1,"minecraft:string":8,"minecraft:flint_and_steel":2,"minecraft:beef":4,"minecraft:sugar_cane":59,"minecraft:chest":2,"minecraft:birch_sapling":1,"minecraft:stick":21,"minecraft:raw_iron":3,"minecraft:composter":4,"minecraft:oak_fence":36,"minecraft:torch":8,"minecraft:porkchop":18,"minecraft:carrot":25,"minecraft:stone_sword":1,"minecraft:arrow":6,"minecraft:rotten_flesh":6,"minecraft:mutton":12,"minecraft:white_wool":4,"minecraft:cobblestone":69,"minecraft:birch_log":62,"minecraft:feather":2,"minecraft:cooked_beef":11,"minecraft:leather":8,"minecraft:potato":9,"minecraft:birch_planks":6,"minecraft:flint":3,"minecraft:oak_log":230,"minecraft:yellow_bed":8,"minecraft:dirt":252,"minecraft:bone":4,"minecraft:apple":10,"minecraft:wheat_seeds":47,"minecraft:stone_pickaxe":2,"minecraft:bell":4,"minecraft:iron_ingot":4,"minecraft:fletching_table":1,"minecraft:oak_planks":57,"minecraft:oak_slab":12,"minecraft:cooked_porkchop":9,"minecraft:dandelion":1,"minecraft:poisonous_potato":1,"minecraft:gravel":29,"minecraft:sand":4,"minecraft:white_bed":8,"minecraft:spider_eye":2,"minecraft:mossy_cobblestone":1,"minecraft:stone_axe":1,"minecraft:oak_sapling":11,"minecraft:coal":5},"minecraft:broken":{"minecraft:golden_axe":1,"minecraft:stone_axe":2,"minecraft:stone_shovel":1},"minecraft:killed_by":{"minecraft:zombie":1},"minecraft:custom":{"minecraft:mob_kills":48,"minecraft:interact_with_crafting_table":27,"minecraft:bell_ring":30,"minecraft:leave_game":8,"minecraft:time_since_death":75069,"minecraft:climb_one_cm":1079,"minecraft:sprint_one_cm":210601,"minecraft:walk_one_cm":140831,"minecraft:drop":12,"minecraft:talked_to_villager":19,"minecraft:play_time":83439,"minecraft:deaths":1,"minecraft:sneak_time":9983,"minecraft:walk_under_water_one_cm":3453,"minecraft:jump":1852,"minecraft:walk_on_water_one_cm":9597,"minecraft:total_world_time":83439,"minecraft:interact_with_furnace":3,"minecraft:traded_with_villager":60,"minecraft:sleep_in_bed":1,"minecraft:time_since_rest":32388,"minecraft:damage_taken":910,"minecraft:damage_dealt":7437,"minecraft:swim_one_cm":27800,"minecraft:fly_one_cm":409791,"minecraft:open_chest":21,"minecraft:crouch_one_cm":33347,"minecraft:fall_one_cm":42852},"minecraft:killed":{"minecraft:spider":4,"minecraft:skeleton":5,"minecraft:chicken":1,"minecraft:drowned":1,"minecraft:pig":14,"minecraft:iron_golem":1,"minecraft:creeper":2,"minecraft:sheep":4,"minecraft:zombie":9,"minecraft:cow":6},"minecraft:crafted":{"minecraft:oak_planks":920,"minecraft:stone_shovel":3,"minecraft:furnace":1,"minecraft:bone_meal":9,"minecraft:oak_trapdoor":2,"minecraft:flint_and_steel":1,"minecraft:stone_pickaxe":1,"minecraft:chest":2,"minecraft:stone_hoe":1,"minecraft:wooden_shovel":1,"minecraft:emerald":60,"minecraft:crafting_table":2,"minecraft:wooden_pickaxe":1,"minecraft:fletching_table":2,"minecraft:bucket":1,"minecraft:birch_planks":248,"minecraft:stone_axe":5,"minecraft:air":0,"minecraft:stick":1940,"minecraft:iron_pickaxe":1,"minecraft:iron_ingot":4,"minecraft:stone_sword":2},"minecraft:used":{"minecraft:oak_trapdoor":2,"minecraft:stone_sword":123,"minecraft:flint_and_steel":10,"minecraft:stone_shovel":252,"minecraft:chest":4,"minecraft:wooden_shovel":3,"minecraft:bell":3,"minecraft:stone_hoe":46,"minecraft:torch":8,"minecraft:dirt":144,"minecraft:carrot":25,"minecraft:golden_sword":41,"minecraft:beef":1,"minecraft:furnace":1,"minecraft:cooked_beef":5,"minecraft:potato":11,"minecraft:golden_axe":30,"minecraft:water_bucket":5,"minecraft:birch_planks":6,"minecraft:stone_pickaxe":26,"minecraft:oak_planks":190,"minecraft:wooden_pickaxe":9,"minecraft:composter":2,"minecraft:fletching_table":3,"minecraft:sugar_cane":51,"minecraft:white_wool":1,"minecraft:sand":4,"minecraft:oak_slab":3,"minecraft:crafting_table":5,"minecraft:white_bed":7,"minecraft:chicken":1,"minecraft:iron_pickaxe":47,"minecraft:stone_axe":380,"minecraft:cobblestone":2,"minecraft:porkchop":3,"minecraft:cooked_porkchop":9,"minecraft:bucket":6,"minecraft:yellow_bed":8,"minecraft:bone_meal":9},"minecraft:dropped":{"minecraft:wheat_seeds":42,"minecraft:mossy_cobblestone":1,"minecraft:poisonous_potato":1,"minecraft:string":2,"minecraft:bone":1,"minecraft:iron_nugget":1,"minecraft:stone_sword":1,"minecraft:azure_bluet":1,"minecraft:wooden_shovel":1,"minecraft:spider_eye":1,"minecraft:wooden_pickaxe":1},"minecraft:mined":{"minecraft:white_bed":8,"minecraft:farmland":1,"minecraft:mossy_cobblestone":1,"minecraft:brewing_stand":1,"minecraft:grass_block":50,"minecraft:composter":4,"minecraft:tall_seagrass":2,"minecraft:carrots":16,"minecraft:iron_ore":3,"minecraft:fire":9,"minecraft:fletching_table":1,"minecraft:azure_bluet":1,"minecraft:bell":2,"minecraft:potatoes":5,"minecraft:dirt_path":20,"minecraft:stone":67,"minecraft:oak_slab":12,"minecraft:dandelion":1,"minecraft:oak_fence":36,"minecraft:crafting_table":3,"minecraft:short_grass":43,"minecraft:chest":2,"minecraft:tall_grass":15,"minecraft:cobblestone":3,"minecraft:oak_planks":42,"minecraft:sugar_cane":25,"minecraft:wall_torch":1,"minecraft:seagrass":1,"minecraft:birch_log":62,"minecraft:wheat":34,"minecraft:birch_leaves":1,"minecraft:yellow_bed":8,"minecraft:oak_log":232,"minecraft:coal_ore":5,"minecraft:dirt":176,"minecraft:gravel":34,"minecraft:sand":4,"minecraft:oak_leaves":31}},"DataVersion":3953}