{"stats":{"minecraft:picked_up":{"minecraft:wooden_axe":1,"minecraft:fishing_rod":1,"minecraft:crafting_table":8,"minecraft:wheat":3,"minecraft:azure_bluet":2,"minecraft:chicken":1,"minecraft:wooden_pickaxe":1,"minecraft:gold_block":1,"minecraft:brewing_stand":1,"minecraft:shield":1,"minecraft:string":17,"minecraft:iron_axe":1,"minecraft:raw_copper":11,"minecraft:flint_and_steel":2,"minecraft:cobbled_deepslate":609,"minecraft:beef":7,"minecraft:trial_key":1,"minecraft:oak_boat":1,"minecraft:iron_pickaxe":1,"minecraft:sugar_cane":59,"minecraft:chest":3,"minecraft:birch_sapling":1,"minecraft:stick":31,"minecraft:raw_iron":158,"minecraft:composter":4,"minecraft:oak_fence":36,"minecraft:torch":11,"minecraft:porkchop":18,"minecraft:diorite":3,"minecraft:carrot":67,"minecraft:redstone":115,"minecraft:tnt":6,"minecraft:stone_sword":2,"minecraft:arrow":35,"minecraft:rotten_flesh":43,"minecraft:cooked_cod":5,"minecraft:gold_ingot":10,"minecraft:tuff_bricks":6,"minecraft:mutton":13,"minecraft:obsidian":4,"minecraft:white_wool":4,"minecraft:cobblestone":221,"minecraft:birch_log":78,"minecraft:magma_block":1,"minecraft:leather_chestplate":1,"minecraft:feather":2,"minecraft:cooked_beef":11,"minecraft:andesite":23,"minecraft:salmon":18,"minecraft:leather":9,"minecraft:potato":28,"minecraft:birch_planks":6,"minecraft:flint":5,"minecraft:tuff":73,"minecraft:oak_log":236,"minecraft:yellow_bed":8,"minecraft:gunpowder":2,"minecraft:dirt":253,"minecraft:cooked_mutton":6,"minecraft:bone":15,"minecraft:apple":10,"minecraft:bow":1,"minecraft:wheat_seeds":51,"minecraft:raw_gold":4,"minecraft:bell":4,"minecraft:heart_of_the_sea":1,"minecraft:iron_ingot":15,"minecraft:stone_pickaxe":3,"minecraft:bolt_armor_trim_smithing_template":1,"minecraft:fletching_table":1,"minecraft:iron_sword":1,"minecraft:oak_planks":61,"minecraft:oak_slab":12,"minecraft:cooked_porkchop":21,"minecraft:dandelion":1,"minecraft:poisonous_potato":1,"minecraft:gravel":65,"minecraft:lava_bucket":1,"minecraft:sand":4,"minecraft:white_bed":8,"minecraft:spider_eye":3,"minecraft:mossy_cobblestone":1,"minecraft:slime_ball":4,"minecraft:diamond":135,"minecraft:stone_axe":1,"minecraft:granite":13,"minecraft:emerald":7,"minecraft:oak_sapling":11,"minecraft:coal":24},"minecraft:broken":{"minecraft:stone_sword":1,"minecraft:golden_axe":1,"minecraft:stone_axe":2,"minecraft:iron_pickaxe":1,"minecraft:stone_shovel":1},"minecraft:killed_by":{"minecraft:zombie":1},"minecraft:custom":{"minecraft:mob_kills":112,"minecraft:open_barrel":1,"minecraft:interact_with_crafting_table":31,"minecraft:bell_ring":30,"minecraft:leave_game":13,"minecraft:time_since_death":167265,"minecraft:climb_one_cm":1079,"minecraft:sprint_one_cm":343065,"minecraft:walk_one_cm":262646,"minecraft:drop":30,"minecraft:talked_to_villager":19,"minecraft:play_time":175635,"minecraft:deaths":1,"minecraft:sneak_time":30276,"minecraft:walk_under_water_one_cm":5056,"minecraft:jump":3649,"minecraft:walk_on_water_one_cm":11919,"minecraft:total_world_time":175635,"minecraft:interact_with_furnace":3,"minecraft:traded_with_villager":60,"minecraft:sleep_in_bed":1,"minecraft:time_since_rest":71553,"minecraft:damage_taken":2815,"minecraft:damage_dealt":18108,"minecraft:swim_one_cm":40323,"minecraft:fly_one_cm":701097,"minecraft:player_kills":1,"minecraft:open_chest":47,"minecraft:crouch_one_cm":72080,"minecraft:fall_one_cm":88183,"minecraft:inspect_dispenser":7},"minecraft:killed":{"minecraft:spider":11,"minecraft:slime":4,"minecraft:skeleton":30,"minecraft:chicken":1,"minecraft:drowned":1,"minecraft:pig":14,"minecraft:iron_golem":1,"minecraft:creeper":4,"minecraft:sheep":4,"minecraft:zombie":33,"minecraft:cow":6},"minecraft:crafted":{"minecraft:oak_planks":944,"minecraft:stone_shovel":3,"minecraft:furnace":1,"minecraft:bone_meal":9,"minecraft:oak_trapdoor":2,"minecraft:flint_and_steel":1,"minecraft:diamond_helmet":1,"minecraft:diamond_leggings":1,"minecraft:stone_pickaxe":1,"minecraft:chest":3,"minecraft:diamond_boots":1,"minecraft:stone_hoe":1,"minecraft:wooden_shovel":1,"minecraft:emerald":60,"minecraft:crafting_table":4,"minecraft:wooden_pickaxe":1,"minecraft:fletching_table":2,"minecraft:bucket":2,"minecraft:birch_planks":256,"minecraft:stone_axe":5,"minecraft:air":0,"minecraft:diamond_pickaxe":1,"minecraft:stick":1948,"minecraft:iron_ingot":4,"minecraft:iron_pickaxe":1,"minecraft:stone_sword":2,"minecraft:torch":8,"minecraft:diamond_chestplate":1},"minecraft:used":{"minecraft:oak_trapdoor":2,"minecraft:stone_sword":301,"minecraft:flint_and_steel":10,"minecraft:stone_shovel":254,"minecraft:chest":6,"minecraft:wooden_shovel":3,"minecraft:bell":3,"minecraft:stone_hoe":46,"minecraft:rotten_flesh":14,"minecraft:trial_key":1,"minecraft:torch":14,"minecraft:dirt":182,"minecraft:carrot":49,"minecraft:tuff":10,"minecraft:granite":5,"minecraft:lava_bucket":9,"minecraft:iron_axe":8,"minecraft:golden_sword":41,"minecraft:beef":1,"minecraft:furnace":1,"minecraft:cooked_beef":11,"minecraft:potato":11,"minecraft:cobbled_deepslate":336,"minecraft:golden_axe":30,"minecraft:cooked_mutton":6,"minecraft:water_bucket":34,"minecraft:diorite":3,"minecraft:birch_planks":6,"minecraft:stone_pickaxe":26,"minecraft:oak_planks":190,"minecraft:wooden_pickaxe":9,"minecraft:composter":2,"minecraft:fletching_table":3,"minecraft:sugar_cane":51,"minecraft:white_wool":1,"minecraft:sand":4,"minecraft:crafting_table":10,"minecraft:oak_slab":3,"minecraft:white_bed":7,"minecraft:diamond_pickaxe":1087,"minecraft:bread":1,"minecraft:chicken":1,"minecraft:iron_pickaxe":250,"minecraft:gravel":8,"minecraft:stone_axe":412,"minecraft:cobblestone":108,"minecraft:porkchop":3,"minecraft:cooked_porkchop":9,"minecraft:bucket":45,"minecraft:yellow_bed":8,"minecraft:bone_meal":9},"minecraft:dropped":{"minecraft:wheat_seeds":45,"minecraft:mossy_cobblestone":1,"minecraft:poisonous_potato":1,"minecraft:stick":6,"minecraft:flint":2,"minecraft:string":3,"minecraft:bone":3,"minecraft:stone_axe":1,"minecraft:iron_nugget":1,"minecraft:stone_sword":1,"minecraft:cobbled_deepslate":3,"minecraft:rotten_flesh":14,"minecraft:azure_bluet":1,"minecraft:andesite":23,"minecraft:wooden_shovel":1,"minecraft:spider_eye":2,"minecraft:bow":1,"minecraft:arrow":1,"minecraft:wooden_pickaxe":1},"minecraft:mined":{"minecraft:tuff":73,"minecraft:white_bed":8,"minecraft:farmland":1,"minecraft:mossy_cobblestone":1,"minecraft:deepslate_diamond_ore":135,"minecraft:brewing_stand":1,"minecraft:obsidian":4,"minecraft:granite":13,"minecraft:grass_block":50,"minecraft:composter":4,"minecraft:tuff_bricks":6,"minecraft:tall_seagrass":2,"minecraft:redstone_ore":1,"minecraft:carrots":16,"minecraft:cobbled_deepslate":7,"minecraft:iron_ore":50,"minecraft:fire":9,"minecraft:polished_tuff":2,"minecraft:andesite":30,"minecraft:fletching_table":1,"minecraft:azure_bluet":1,"minecraft:gold_block":1,"minecraft:bell":2,"minecraft:dirt_path":20,"minecraft:potatoes":5,"minecraft:deepslate_iron_ore":109,"minecraft:stone":242,"minecraft:deepslate_redstone_ore":24,"minecraft:oak_slab":12,"minecraft:dandelion":1,"minecraft:oak_fence":36,"minecraft:crafting_table":6,"minecraft:short_grass":50,"minecraft:chest":3,"minecraft:cobblestone":11,"minecraft:tall_grass":16,"minecraft:copper_ore":3,"minecraft:deepslate_gold_ore":4,"minecraft:sugar_cane":25,"minecraft:oak_planks":42,"minecraft:diorite":18,"minecraft:wall_torch":2,"minecraft:seagrass":1,"minecraft:birch_log":62,"minecraft:wheat":34,"minecraft:birch_leaves":1,"minecraft:yellow_bed":8,"minecraft:oak_log":238,"minecraft:coal_ore":5,"minecraft:gravel":70,"minecraft:sand":4,"minecraft:dirt":176,"minecraft:netherrack":1,"minecraft:oak_leaves":31,"minecraft:deepslate":619}},"DataVersion":3953}