{"stats":{"minecraft:dropped":{"minecraft:golden_boots":1,"minecraft:wheat_seeds":49,"minecraft:mossy_cobblestone":1,"minecraft:diamond":95,"minecraft:poisonous_potato":1,"minecraft:granite":16,"minecraft:stick":7,"minecraft:flint":2,"minecraft:dirt":1,"minecraft:torch":3,"minecraft:iron_pickaxe":1,"minecraft:string":6,"minecraft:bone":6,"minecraft:stone_axe":1,"minecraft:kelp":1,"minecraft:iron_nugget":1,"minecraft:stone_sword":1,"minecraft:cobbled_deepslate":3,"minecraft:nether_brick":64,"minecraft:raw_iron":3,"minecraft:rotten_flesh":17,"minecraft:oak_planks":4,"minecraft:iron_boots":18,"minecraft:azure_bluet":1,"minecraft:chainmail_chestplate":8,"minecraft:andesite":23,"minecraft:wooden_shovel":1,"minecraft:chainmail_boots":17,"minecraft:spider_eye":2,"minecraft:bow":1,"minecraft:wooden_pickaxe":1,"minecraft:arrow":3,"minecraft:stone_pickaxe":12,"minecraft:netherrack":1},"minecraft:picked_up":{"minecraft:wooden_axe":1,"minecraft:fishing_rod":1,"minecraft:iron_chestplate":1,"minecraft:crafting_table":8,"minecraft:wheat":3,"minecraft:azure_bluet":2,"minecraft:chainmail_boots":5,"minecraft:chicken":1,"minecraft:smithing_table":1,"minecraft:lead":3,"minecraft:wooden_pickaxe":1,"minecraft:gold_block":1,"minecraft:brewing_stand":1,"minecraft:shield":1,"minecraft:oak_trapdoor":2,"minecraft:string":20,"minecraft:raw_copper":11,"minecraft:iron_axe":2,"minecraft:flint_and_steel":2,"minecraft:cobbled_deepslate":609,"minecraft:beef":7,"minecraft:trial_key":1,"minecraft:oak_boat":1,"minecraft:iron_pickaxe":3,"minecraft:birch_sapling":2,"minecraft:sugar_cane":159,"minecraft:chest":3,"minecraft:iron_boots":8,"minecraft:stick":45,"minecraft:raw_iron":158,"minecraft:composter":4,"minecraft:oak_fence":36,"minecraft:torch":14,"minecraft:porkchop":19,"minecraft:diorite":3,"minecraft:carrot":90,"minecraft:redstone":115,"minecraft:tnt":6,"minecraft:stone_sword":2,"minecraft:arrow":39,"minecraft:rotten_flesh":46,"minecraft:cooked_cod":5,"minecraft:nether_bricks":3,"minecraft:gold_ingot":10,"minecraft:tuff_bricks":6,"minecraft:mutton":24,"minecraft:obsidian":5,"minecraft:white_wool":11,"minecraft:cobblestone":255,"minecraft:birch_log":177,"minecraft:enchanting_table":5,"minecraft:magma_block":1,"minecraft:leather_chestplate":1,"minecraft:feather":2,"minecraft:cooked_beef":12,"minecraft:andesite":23,"minecraft:salmon":18,"minecraft:leather":9,"minecraft:potato":28,"minecraft:birch_planks":6,"minecraft:flint":5,"minecraft:tuff":73,"minecraft:oak_log":803,"minecraft:cherry_fence":1,"minecraft:yellow_bed":8,"minecraft:golden_boots":1,"minecraft:gunpowder":2,"minecraft:dirt":309,"minecraft:cooked_mutton":6,"minecraft:bone":18,"minecraft:apple":12,"minecraft:kelp":1,"minecraft:bow":1,"minecraft:wheat_seeds":55,"minecraft:raw_gold":4,"minecraft:bell":4,"minecraft:heart_of_the_sea":1,"minecraft:iron_ingot":15,"minecraft:stone_pickaxe":5,"minecraft:bolt_armor_trim_smithing_template":1,"minecraft:fletching_table":1,"minecraft:iron_sword":1,"minecraft:oak_planks":63,"minecraft:oak_slab":12,"minecraft:cooked_porkchop":21,"minecraft:dandelion":2,"minecraft:poisonous_potato":1,"minecraft:gravel":74,"minecraft:lava_bucket":1,"minecraft:sand":4,"minecraft:blast_furnace":6,"minecraft:white_bed":10,"minecraft:spider_eye":3,"minecraft:mossy_cobblestone":1,"minecraft:iron_hoe":1,"minecraft:slime_ball":4,"minecraft:diamond":167,"minecraft:stone_axe":1,"minecraft:granite":39,"minecraft:bread":7,"minecraft:emerald":7,"minecraft:oak_sapling":27,"minecraft:netherrack":1,"minecraft:coal":24},"minecraft:custom":{"minecraft:interact_with_smithing_table":2,"minecraft:mob_kills":134,"minecraft:interact_with_crafting_table":48,"minecraft:open_barrel":1,"minecraft:bell_ring":30,"minecraft:leave_game":14,"minecraft:time_since_death":255706,"minecraft:climb_one_cm":1079,"minecraft:sprint_one_cm":568861,"minecraft:walk_one_cm":400126,"minecraft:damage_blocked_by_shield":65,"minecraft:drop":111,"minecraft:talked_to_villager":61,"minecraft:play_time":264076,"minecraft:deaths":1,"minecraft:sneak_time":33553,"minecraft:walk_under_water_one_cm":7019,"minecraft:boat_one_cm":418018,"minecraft:jump":5925,"minecraft:walk_on_water_one_cm":23413,"minecraft:enchant_item":6,"minecraft:total_world_time":264076,"minecraft:interact_with_furnace":69,"minecraft:traded_with_villager":163,"minecraft:sleep_in_bed":4,"minecraft:time_since_rest":5063,"minecraft:damage_taken":3561,"minecraft:damage_dealt":21864,"minecraft:swim_one_cm":88435,"minecraft:fly_one_cm":1197625,"minecraft:player_kills":2,"minecraft:open_chest":109,"minecraft:crouch_one_cm":79099,"minecraft:fall_one_cm":151008,"minecraft:inspect_dispenser":7,"minecraft:horse_one_cm":24024},"minecraft:killed_by":{"minecraft:zombie":1},"minecraft:broken":{"minecraft:stone_sword":1,"minecraft:golden_axe":1,"minecraft:iron_axe":1,"minecraft:stone_axe":2,"minecraft:iron_pickaxe":1,"minecraft:stone_shovel":1},"minecraft:used":{"minecraft:oak_trapdoor":4,"minecraft:enchanting_table":5,"minecraft:stone_sword":301,"minecraft:flint_and_steel":10,"minecraft:stone_shovel":278,"minecraft:chest":8,"minecraft:shield":2,"minecraft:bell":3,"minecraft:wooden_shovel":3,"minecraft:rotten_flesh":14,"minecraft:stone_hoe":46,"minecraft:trial_key":1,"minecraft:torch":14,"minecraft:dirt":213,"minecraft:carrot":89,"minecraft:tuff":66,"minecraft:granite":15,"minecraft:obsidian":1,"minecraft:lava_bucket":9,"minecraft:birch_sapling":1,"minecraft:iron_axe":344,"minecraft:golden_sword":41,"minecraft:beef":1,"minecraft:furnace":2,"minecraft:cooked_beef":11,"minecraft:potato":11,"minecraft:cobbled_deepslate":415,"minecraft:cherry_fence":1,"minecraft:golden_axe":30,"minecraft:cooked_mutton":15,"minecraft:water_bucket":66,"minecraft:diorite":3,"minecraft:birch_planks":6,"minecraft:stone_pickaxe":26,"minecraft:oak_planks":192,"minecraft:wooden_pickaxe":9,"minecraft:composter":2,"minecraft:fletching_table":3,"minecraft:sugar_cane":118,"minecraft:white_wool":2,"minecraft:sand":4,"minecraft:blast_furnace":7,"minecraft:oak_slab":3,"minecraft:crafting_table":12,"minecraft:white_bed":9,"minecraft:diamond_pickaxe":1159,"minecraft:apple":2,"minecraft:bread":8,"minecraft:chicken":1,"minecraft:iron_pickaxe":250,"minecraft:gravel":8,"minecraft:stone_axe":412,"minecraft:diamond_sword":29,"minecraft:cobblestone":202,"minecraft:porkchop":3,"minecraft:cooked_porkchop":9,"minecraft:smithing_table":2,"minecraft:bucket":78,"minecraft:yellow_bed":8,"minecraft:oak_boat":2,"minecraft:bone_meal":9},"minecraft:killed":{"minecraft:spider":13,"minecraft:slime":4,"minecraft:skeleton":32,"minecraft:chicken":1,"minecraft:drowned":1,"minecraft:pig":14,"minecraft:iron_golem":1,"minecraft:creeper":6,"minecraft:sheep":8,"minecraft:zombie":43,"minecraft:cow":6},"minecraft:crafted":{"minecraft:oak_planks":2360,"minecraft:smooth_stone":3,"minecraft:stone_shovel":4,"minecraft:furnace":3,"minecraft:blast_furnace":1,"minecraft:stone":3,"minecraft:bone_meal":9,"minecraft:nether_brick":64,"minecraft:cooked_mutton":13,"minecraft:oak_trapdoor":2,"minecraft:flint_and_steel":1,"minecraft:diamond_helmet":1,"minecraft:diamond_leggings":1,"minecraft:iron_boots":10,"minecraft:iron_axe":2,"minecraft:stone_pickaxe":11,"minecraft:chest":5,"minecraft:diamond_boots":2,"minecraft:stone_hoe":1,"minecraft:wooden_shovel":1,"minecraft:diamond_sword":1,"minecraft:emerald":120,"minecraft:crafting_table":6,"minecraft:enchanting_table":1,"minecraft:wooden_pickaxe":1,"minecraft:chainmail_chestplate":8,"minecraft:smithing_table":1,"minecraft:fletching_table":2,"minecraft:birch_planks":280,"minecraft:bucket":2,"minecraft:stone_axe":5,"minecraft:air":0,"minecraft:oak_boat":2,"minecraft:book":8,"minecraft:paper":24,"minecraft:diamond_pickaxe":1,"minecraft:stick":4110,"minecraft:iron_pickaxe":1,"minecraft:chainmail_boots":12,"minecraft:iron_ingot":156,"minecraft:stone_sword":2,"minecraft:torch":8,"minecraft:diamond_chestplate":1},"minecraft:mined":{"minecraft:tuff":73,"minecraft:white_bed":10,"minecraft:farmland":1,"minecraft:mossy_cobblestone":1,"minecraft:deepslate_diamond_ore":135,"minecraft:nether_bricks":4,"minecraft:brewing_stand":1,"minecraft:obsidian":5,"minecraft:granite":32,"minecraft:grass_block":52,"minecraft:kelp":1,"minecraft:composter":4,"minecraft:tuff_bricks":6,"minecraft:tall_seagrass":3,"minecraft:redstone_ore":1,"minecraft:oak_trapdoor":2,"minecraft:carrots":23,"minecraft:fire":11,"minecraft:iron_ore":50,"minecraft:cobbled_deepslate":11,"minecraft:polished_tuff":2,"minecraft:andesite":30,"minecraft:fletching_table":1,"minecraft:azure_bluet":1,"minecraft:gold_block":1,"minecraft:enchanting_table":5,"minecraft:bell":2,"minecraft:potatoes":5,"minecraft:dirt_path":20,"minecraft:deepslate_iron_ore":109,"minecraft:stone":269,"minecraft:smithing_table":1,"minecraft:deepslate_redstone_ore":24,"minecraft:oak_slab":12,"minecraft:dandelion":1,"minecraft:oak_fence":36,"minecraft:crafting_table":6,"minecraft:short_grass":90,"minecraft:blast_furnace":6,"minecraft:chest":3,"minecraft:cobblestone":12,"minecraft:copper_ore":3,"minecraft:tall_grass":27,"minecraft:deepslate_gold_ore":4,"minecraft:sugar_cane":83,"minecraft:oak_planks":44,"minecraft:diorite":18,"minecraft:wall_torch":2,"minecraft:seagrass":1,"minecraft:cherry_fence":1,"minecraft:birch_log":91,"minecraft:wheat":34,"minecraft:birch_leaves":1,"minecraft:yellow_bed":8,"minecraft:oak_log":510,"minecraft:coal_ore":5,"minecraft:gravel":80,"minecraft:sand":4,"minecraft:dirt":196,"minecraft:netherrack":3,"minecraft:oak_leaves":71,"minecraft:deepslate":619}},"DataVersion":3953}