{"stats":{"minecraft:dropped":{"minecraft:wooden_shovel":1,"minecraft:spider_eye":1,"minecraft:wooden_pickaxe":1},"minecraft:killed_by":{"minecraft:zombie":1},"minecraft:used":{"minecraft:stone_sword":9,"minecraft:wooden_pickaxe":9,"minecraft:wooden_shovel":3,"minecraft:stone_axe":6,"minecraft:sand":4,"minecraft:crafting_table":1,"minecraft:porkchop":2},"minecraft:custom":{"minecraft:time_since_rest":1164,"minecraft:sprint_one_cm":16726,"minecraft:damage_taken":310,"minecraft:walk_one_cm":13137,"minecraft:mob_kills":3,"minecraft:drop":3,"minecraft:damage_dealt":460,"minecraft:swim_one_cm":3916,"minecraft:interact_with_crafting_table":8,"minecraft:fly_one_cm":30373,"minecraft:crouch_one_cm":2185,"minecraft:play_time":9415,"minecraft:deaths":1,"minecraft:sneak_time":848,"minecraft:walk_under_water_one_cm":398,"minecraft:jump":162,"minecraft:leave_game":3,"minecraft:time_since_death":1045,"minecraft:walk_on_water_one_cm":3411,"minecraft:total_world_time":9415,"minecraft:fall_one_cm":1502},"minecraft:picked_up":{"minecraft:birch_log":5,"minecraft:stick":5,"minecraft:crafting_table":2,"minecraft:birch_planks":6,"minecraft:porkchop":4,"minecraft:sand":4,"minecraft:oak_log":4,"minecraft:string":2,"minecraft:spider_eye":2,"minecraft:stone_sword":1,"minecraft:stone_axe":1,"minecraft:stone_pickaxe":1,"minecraft:sugar_cane":8,"minecraft:oak_planks":16,"minecraft:cobblestone":9},"minecraft:killed":{"minecraft:zombie":1,"minecraft:pig":1,"minecraft:spider":1},"minecraft:mined":{"minecraft:birch_log":5,"minecraft:crafting_table":1,"minecraft:oak_log":4,"minecraft:sand":4,"minecraft:stone":9,"minecraft:sugar_cane":4,"minecraft:oak_leaves":4},"minecraft:crafted":{"minecraft:oak_planks":16,"minecraft:wooden_shovel":1,"minecraft:stone_shovel":1,"minecraft:crafting_table":1,"minecraft:stick":12,"minecraft:wooden_pickaxe":1,"minecraft:stone_pickaxe":1,"minecraft:stone_sword":1,"minecraft:birch_planks":20,"minecraft:stone_axe":1}},"DataVersion":3953}