{"stats":{"minecraft:dropped":{"minecraft:wheat_seeds":1,"minecraft:iron_nugget":1,"minecraft:mossy_cobblestone":1,"minecraft:wooden_shovel":1,"minecraft:spider_eye":1,"minecraft:wooden_pickaxe":1},"minecraft:picked_up":{"minecraft:birch_log":5,"minecraft:crafting_table":4,"minecraft:feather":2,"minecraft:cooked_beef":11,"minecraft:chicken":1,"minecraft:leather":8,"minecraft:birch_planks":6,"minecraft:oak_log":47,"minecraft:yellow_bed":4,"minecraft:dirt":147,"minecraft:string":2,"minecraft:flint_and_steel":2,"minecraft:apple":9,"minecraft:wheat_seeds":6,"minecraft:bell":4,"minecraft:iron_ingot":4,"minecraft:stone_pickaxe":2,"minecraft:beef":4,"minecraft:sugar_cane":22,"minecraft:chest":2,"minecraft:oak_planks":51,"minecraft:raw_iron":3,"minecraft:oak_slab":12,"minecraft:stick":8,"minecraft:cooked_porkchop":9,"minecraft:composter":1,"minecraft:oak_fence":36,"minecraft:torch":7,"minecraft:porkchop":18,"minecraft:sand":4,"minecraft:white_bed":6,"minecraft:mossy_cobblestone":1,"minecraft:spider_eye":2,"minecraft:stone_sword":1,"minecraft:rotten_flesh":1,"minecraft:stone_axe":1,"minecraft:coal":5,"minecraft:mutton":12,"minecraft:white_wool":4,"minecraft:cobblestone":21},"minecraft:custom":{"minecraft:mob_kills":33,"minecraft:interact_with_crafting_table":16,"minecraft:bell_ring":30,"minecraft:leave_game":4,"minecraft:time_since_death":32808,"minecraft:climb_one_cm":1079,"minecraft:time_since_rest":32927,"minecraft:sprint_one_cm":105595,"minecraft:damage_taken":665,"minecraft:walk_one_cm":73917,"minecraft:drop":6,"minecraft:damage_dealt":4647,"minecraft:talked_to_villager":1,"minecraft:swim_one_cm":20221,"minecraft:fly_one_cm":219951,"minecraft:open_chest":8,"minecraft:crouch_one_cm":19788,"minecraft:play_time":41178,"minecraft:deaths":1,"minecraft:sneak_time":5555,"minecraft:walk_under_water_one_cm":1972,"minecraft:jump":1047,"minecraft:walk_on_water_one_cm":6379,"minecraft:total_world_time":41178,"minecraft:fall_one_cm":24975},"minecraft:killed_by":{"minecraft:zombie":1},"minecraft:broken":{"minecraft:golden_axe":1,"minecraft:stone_shovel":1},"minecraft:used":{"minecraft:oak_trapdoor":2,"minecraft:stone_sword":65,"minecraft:flint_and_steel":10,"minecraft:birch_planks":6,"minecraft:stone_shovel":131,"minecraft:stone_pickaxe":24,"minecraft:oak_planks":185,"minecraft:chest":4,"minecraft:wooden_pickaxe":9,"minecraft:composter":1,"minecraft:bell":2,"minecraft:wooden_shovel":3,"minecraft:stone_hoe":33,"minecraft:white_wool":1,"minecraft:torch":7,"minecraft:dirt":70,"minecraft:sand":4,"minecraft:oak_slab":2,"minecraft:crafting_table":4,"minecraft:white_bed":6,"minecraft:chicken":1,"minecraft:stone_axe":119,"minecraft:golden_sword":41,"minecraft:cobblestone":2,"minecraft:beef":1,"minecraft:porkchop":3,"minecraft:cooked_porkchop":7,"minecraft:yellow_bed":4,"minecraft:golden_axe":30},"minecraft:killed":{"minecraft:pig":14,"minecraft:spider":1,"minecraft:iron_golem":1,"minecraft:sheep":4,"minecraft:skeleton":1,"minecraft:zombie":4,"minecraft:chicken":1,"minecraft:cow":6},"minecraft:crafted":{"minecraft:oak_planks":188,"minecraft:wooden_shovel":1,"minecraft:stone_shovel":2,"minecraft:crafting_table":1,"minecraft:wooden_pickaxe":1,"minecraft:birch_planks":20,"minecraft:stone_axe":1,"minecraft:oak_trapdoor":2,"minecraft:flint_and_steel":1,"minecraft:stick":16,"minecraft:iron_ingot":1,"minecraft:stone_pickaxe":1,"minecraft:stone_sword":1,"minecraft:chest":2,"minecraft:stone_hoe":1},"minecraft:mined":{"minecraft:oak_slab":12,"minecraft:white_bed":6,"minecraft:farmland":1,"minecraft:mossy_cobblestone":1,"minecraft:oak_fence":36,"minecraft:crafting_table":3,"minecraft:short_grass":37,"minecraft:grass_block":19,"minecraft:chest":2,"minecraft:cobblestone":1,"minecraft:tall_grass":14,"minecraft:composter":1,"minecraft:oak_planks":35,"minecraft:sugar_cane":11,"minecraft:birch_log":5,"minecraft:iron_ore":3,"minecraft:fire":9,"minecraft:yellow_bed":4,"minecraft:bell":2,"minecraft:coal_ore":5,"minecraft:oak_log":48,"minecraft:dirt_path":17,"minecraft:dirt":100,"minecraft:sand":4,"minecraft:stone":21,"minecraft:oak_leaves":6}},"DataVersion":3953}