{"stats":{"minecraft:dropped":{"minecraft:wheat_seeds":1,"minecraft:wooden_shovel":1,"minecraft:spider_eye":1,"minecraft:wooden_pickaxe":1},"minecraft:picked_up":{"minecraft:birch_log":5,"minecraft:crafting_table":4,"minecraft:feather":1,"minecraft:cooked_beef":11,"minecraft:chicken":1,"minecraft:leather":8,"minecraft:birch_planks":6,"minecraft:oak_log":47,"minecraft:dirt":128,"minecraft:string":2,"minecraft:wheat_seeds":3,"minecraft:bell":1,"minecraft:stone_pickaxe":1,"minecraft:beef":4,"minecraft:sugar_cane":22,"minecraft:oak_planks":33,"minecraft:oak_slab":12,"minecraft:stick":5,"minecraft:cooked_porkchop":9,"minecraft:oak_fence":36,"minecraft:torch":7,"minecraft:porkchop":18,"minecraft:sand":4,"minecraft:spider_eye":2,"minecraft:stone_sword":1,"minecraft:rotten_flesh":1,"minecraft:stone_axe":1,"minecraft:mutton":6,"minecraft:white_wool":4,"minecraft:cobblestone":10},"minecraft:custom":{"minecraft:mob_kills":31,"minecraft:interact_with_crafting_table":12,"minecraft:leave_game":4,"minecraft:time_since_death":20808,"minecraft:time_since_rest":20927,"minecraft:sprint_one_cm":70662,"minecraft:damage_taken":475,"minecraft:walk_one_cm":53485,"minecraft:drop":4,"minecraft:damage_dealt":3255,"minecraft:swim_one_cm":16394,"minecraft:fly_one_cm":160728,"minecraft:open_chest":2,"minecraft:crouch_one_cm":16864,"minecraft:play_time":29178,"minecraft:deaths":1,"minecraft:sneak_time":4275,"minecraft:walk_under_water_one_cm":1151,"minecraft:jump":743,"minecraft:walk_on_water_one_cm":6089,"minecraft:total_world_time":29178,"minecraft:fall_one_cm":16006},"minecraft:killed_by":{"minecraft:zombie":1},"minecraft:broken":{"minecraft:golden_axe":1,"minecraft:stone_shovel":1},"minecraft:used":{"minecraft:stone_sword":42,"minecraft:flint_and_steel":10,"minecraft:birch_planks":3,"minecraft:stone_shovel":131,"minecraft:stone_pickaxe":1,"minecraft:oak_planks":165,"minecraft:wooden_pickaxe":9,"minecraft:wooden_shovel":3,"minecraft:white_wool":1,"minecraft:torch":7,"minecraft:dirt":56,"minecraft:sand":4,"minecraft:crafting_table":4,"minecraft:chicken":1,"minecraft:stone_axe":99,"minecraft:golden_sword":41,"minecraft:beef":1,"minecraft:porkchop":3,"minecraft:cooked_porkchop":4,"minecraft:golden_axe":30},"minecraft:killed":{"minecraft:pig":14,"minecraft:spider":1,"minecraft:sheep":4,"minecraft:skeleton":1,"minecraft:zombie":3,"minecraft:chicken":1,"minecraft:cow":6},"minecraft:crafted":{"minecraft:oak_planks":188,"minecraft:wooden_shovel":1,"minecraft:stone_shovel":2,"minecraft:crafting_table":1,"minecraft:wooden_pickaxe":1,"minecraft:birch_planks":20,"minecraft:stone_axe":1,"minecraft:flint_and_steel":1,"minecraft:stick":12,"minecraft:iron_ingot":1,"minecraft:stone_pickaxe":1,"minecraft:stone_sword":1},"minecraft:mined":{"minecraft:oak_slab":12,"minecraft:oak_fence":36,"minecraft:crafting_table":3,"minecraft:short_grass":29,"minecraft:grass_block":17,"minecraft:tall_grass":7,"minecraft:oak_planks":18,"minecraft:sugar_cane":11,"minecraft:birch_log":5,"minecraft:fire":9,"minecraft:oak_log":48,"minecraft:dirt_path":17,"minecraft:dirt":97,"minecraft:sand":4,"minecraft:stone":10,"minecraft:oak_leaves":6}},"DataVersion":3953}