{"stats":{"minecraft:picked_up":{"minecraft:crafting_table":1,"minecraft:wheat":6,"minecraft:feather":5,"minecraft:chicken":4,"minecraft:salmon":34,"minecraft:leather":1,"minecraft:potato":19,"minecraft:filled_map":1,"minecraft:oak_log":5,"minecraft:string":2,"minecraft:dirt":4,"minecraft:bone":2,"minecraft:beetroot":2,"minecraft:stone_bricks":4,"minecraft:wheat_seeds":16,"minecraft:smooth_stone":2,"minecraft:beef":4,"minecraft:oak_boat":2,"minecraft:birch_sapling":1,"minecraft:raw_iron":11,"minecraft:oak_door":1,"minecraft:torch":5,"minecraft:porkchop":24,"minecraft:sand":44,"minecraft:white_bed":3,"minecraft:carrot":42,"minecraft:arrow":3,"minecraft:rotten_flesh":9,"minecraft:purple_glazed_terracotta":3,"minecraft:beetroot_seeds":5,"minecraft:bone_meal":1,"minecraft:mutton":5,"minecraft:white_wool":4,"minecraft:cobblestone":4,"minecraft:birch_log":13},"minecraft:broken":{"minecraft:stone_sword":1},"minecraft:custom":{"minecraft:interact_with_smithing_table":1,"minecraft:interact_with_furnace":21,"minecraft:mob_kills":72,"minecraft:interact_with_crafting_table":10,"minecraft:leave_game":1,"minecraft:time_since_death":81755,"minecraft:sleep_in_bed":1,"minecraft:climb_one_cm":953,"minecraft:time_since_rest":5760,"minecraft:sprint_one_cm":353807,"minecraft:damage_taken":1044,"minecraft:walk_one_cm":292240,"minecraft:drop":17,"minecraft:damage_dealt":6114,"minecraft:talked_to_villager":1,"minecraft:swim_one_cm":71409,"minecraft:fly_one_cm":259697,"minecraft:open_chest":20,"minecraft:crouch_one_cm":5304,"minecraft:play_time":81755,"minecraft:sneak_time":1543,"minecraft:walk_under_water_one_cm":26576,"minecraft:boat_one_cm":28495,"minecraft:jump":1395,"minecraft:walk_on_water_one_cm":22603,"minecraft:interact_with_smoker":1,"minecraft:total_world_time":81755,"minecraft:fall_one_cm":34902},"minecraft:killed":{"minecraft:pig":12,"minecraft:salmon":35,"minecraft:spider":1,"minecraft:creeper":1,"minecraft:sheep":3,"minecraft:skeleton":4,"minecraft:zombie":10,"minecraft:chicken":4,"minecraft:cow":2},"minecraft:used":{"minecraft:beetroot":2,"minecraft:wheat_seeds":14,"minecraft:cooked_mutton":2,"minecraft:stone_sword":206,"minecraft:stone_pickaxe":25,"minecraft:leather_chestplate":1,"minecraft:purple_glazed_terracotta":3,"minecraft:salmon":1,"minecraft:torch":3,"minecraft:sand":44,"minecraft:mutton":2,"minecraft:dirt":4,"minecraft:crafting_table":1,"minecraft:white_bed":3,"minecraft:wooden_axe":20,"minecraft:bread":1,"minecraft:stone_bricks":2,"minecraft:cobblestone":1,"minecraft:cooked_porkchop":11,"minecraft:porkchop":2,"minecraft:beetroot_seeds":5,"minecraft:oak_boat":2,"minecraft:cooked_beef":4},"minecraft:crafted":{"minecraft:cooked_beef":4,"minecraft:oak_planks":28,"minecraft:cooked_porkchop":24,"minecraft:crafting_table":1,"minecraft:iron_sword":1,"minecraft:cooked_mutton":8,"minecraft:bread":1,"minecraft:oak_boat":1,"minecraft:shield":1,"minecraft:stick":12,"minecraft:iron_ingot":11,"minecraft:iron_pickaxe":1,"minecraft:stone_pickaxe":1,"minecraft:wooden_axe":1,"minecraft:stone_sword":2},"minecraft:mined":{"minecraft:purple_glazed_terracotta":3,"minecraft:white_bed":3,"minecraft:sea_lantern":1,"minecraft:crafting_table":1,"minecraft:torch":2,"minecraft:short_grass":18,"minecraft:grass_block":2,"minecraft:wall_torch":2,"minecraft:chiseled_stone_bricks":1,"minecraft:seagrass":1,"minecraft:smooth_stone":1,"minecraft:tall_seagrass":4,"minecraft:carrots":17,"minecraft:birch_log":14,"minecraft:iron_ore":11,"minecraft:wheat":7,"minecraft:birch_leaves":1,"minecraft:coal_ore":1,"minecraft:potatoes":6,"minecraft:oak_log":5,"minecraft:beetroots":3,"minecraft:dirt":2,"minecraft:sand":50,"minecraft:stone_bricks":4,"minecraft:oak_leaves":11},"minecraft:dropped":{"minecraft:oak_door":1,"minecraft:porkchop":1,"minecraft:wheat_seeds":2,"minecraft:wheat":1,"minecraft:feather":5,"minecraft:cobblestone":1,"minecraft:filled_map":1,"minecraft:stone_bricks":1,"minecraft:smooth_stone":2,"minecraft:white_wool":3}},"DataVersion":3953}