{"stats":{"minecraft:picked_up":{"minecraft:crafting_table":4,"minecraft:wheat":6,"minecraft:chicken":4,"minecraft:string":3,"minecraft:beetroot":2,"minecraft:cracked_stone_bricks":1,"minecraft:smooth_stone":2,"minecraft:beef":7,"minecraft:oak_boat":3,"minecraft:birch_sapling":1,"minecraft:raw_iron":11,"minecraft:oak_door":1,"minecraft:torch":5,"minecraft:porkchop":24,"minecraft:carrot":42,"minecraft:arrow":5,"minecraft:rotten_flesh":9,"minecraft:beetroot_seeds":5,"minecraft:blaze_rod":1,"minecraft:mutton":5,"minecraft:white_wool":4,"minecraft:cobblestone":4,"minecraft:birch_log":16,"minecraft:magma_block":1,"minecraft:feather":5,"minecraft:salmon":37,"minecraft:leather":2,"minecraft:potato":19,"minecraft:filled_map":1,"minecraft:oak_log":5,"minecraft:dirt":6,"minecraft:bone":6,"minecraft:stone_bricks":4,"minecraft:wheat_seeds":16,"minecraft:iron_ingot":25,"minecraft:oak_planks":2,"minecraft:iron_sword":1,"minecraft:sand":44,"minecraft:white_bed":3,"minecraft:purple_glazed_terracotta":3,"minecraft:bone_meal":2,"minecraft:netherrack":7,"minecraft:coal":1},"minecraft:broken":{"minecraft:stone_sword":2},"minecraft:killed_by":{"minecraft:player":1},"minecraft:custom":{"minecraft:interact_with_smithing_table":1,"minecraft:mob_kills":86,"minecraft:interact_with_crafting_table":25,"minecraft:leave_game":3,"minecraft:time_since_death":57692,"minecraft:climb_one_cm":953,"minecraft:sprint_one_cm":590082,"minecraft:walk_one_cm":427354,"minecraft:damage_blocked_by_shield":25,"minecraft:drop":26,"minecraft:talked_to_villager":1,"minecraft:play_time":150659,"minecraft:deaths":1,"minecraft:sneak_time":1770,"minecraft:walk_under_water_one_cm":62112,"minecraft:boat_one_cm":48298,"minecraft:jump":2057,"minecraft:walk_on_water_one_cm":42845,"minecraft:total_world_time":150659,"minecraft:interact_with_furnace":27,"minecraft:sleep_in_bed":1,"minecraft:time_since_rest":57901,"minecraft:damage_taken":1966,"minecraft:damage_dealt":8509,"minecraft:swim_one_cm":100993,"minecraft:fly_one_cm":424610,"minecraft:open_chest":31,"minecraft:crouch_one_cm":5890,"minecraft:interact_with_smoker":1,"minecraft:fall_one_cm":46262,"minecraft:horse_one_cm":1144626},"minecraft:killed":{"minecraft:spider":3,"minecraft:skeleton":6,"minecraft:chicken":4,"minecraft:drowned":2,"minecraft:pig":12,"minecraft:salmon":38,"minecraft:hoglin":1,"minecraft:creeper":1,"minecraft:sheep":3,"minecraft:zombie":10,"minecraft:wither_skeleton":1,"minecraft:blaze":1,"minecraft:cow":4},"minecraft:crafted":{"minecraft:oak_planks":28,"minecraft:cooked_mutton":8,"minecraft:iron_boots":1,"minecraft:stone_pickaxe":1,"minecraft:oak_fence":3,"minecraft:lead":2,"minecraft:golden_boots":1,"minecraft:cooked_beef":4,"minecraft:cooked_porkchop":24,"minecraft:crafting_table":1,"minecraft:iron_helmet":1,"minecraft:iron_sword":1,"minecraft:bucket":1,"minecraft:bread":1,"minecraft:oak_boat":2,"minecraft:iron_chestplate":1,"minecraft:shield":1,"minecraft:stick":12,"minecraft:iron_ingot":11,"minecraft:iron_pickaxe":1,"minecraft:wooden_axe":1,"minecraft:stone_sword":2,"minecraft:iron_leggings":1},"minecraft:used":{"minecraft:beetroot":2,"minecraft:oak_fence":1,"minecraft:stone_sword":235,"minecraft:shield":1,"minecraft:iron_sword":23,"minecraft:netherrack":3,"minecraft:iron_chestplate":1,"minecraft:torch":5,"minecraft:dirt":4,"minecraft:mutton":3,"minecraft:wooden_axe":29,"minecraft:iron_boots":1,"minecraft:stone_bricks":2,"minecraft:beef":3,"minecraft:beetroot_seeds":5,"minecraft:cooked_beef":4,"minecraft:iron_leggings":1,"minecraft:wheat_seeds":14,"minecraft:cooked_mutton":2,"minecraft:stone_pickaxe":46,"minecraft:leather_chestplate":1,"minecraft:purple_glazed_terracotta":3,"minecraft:salmon":4,"minecraft:sand":44,"minecraft:crafting_table":4,"minecraft:white_bed":3,"minecraft:chicken":4,"minecraft:bread":1,"minecraft:iron_pickaxe":2,"minecraft:cobblestone":1,"minecraft:porkchop":2,"minecraft:cooked_porkchop":20,"minecraft:bucket":1,"minecraft:oak_boat":3},"minecraft:dropped":{"minecraft:iron_sword":1,"minecraft:porkchop":1,"minecraft:wheat_seeds":2,"minecraft:feather":5,"minecraft:cobblestone":1,"minecraft:cracked_stone_bricks":1,"minecraft:dirt":1,"minecraft:bone_meal":1,"minecraft:smooth_stone":2,"minecraft:white_wool":4,"minecraft:oak_door":1,"minecraft:tuff":7,"minecraft:birch_sapling":1,"minecraft:wheat":1,"minecraft:filled_map":1,"minecraft:stone_bricks":1,"minecraft:arrow":1,"minecraft:netherrack":4},"minecraft:mined":{"minecraft:purple_glazed_terracotta":3,"minecraft:white_bed":3,"minecraft:sea_lantern":1,"minecraft:grass_block":4,"minecraft:chiseled_stone_bricks":1,"minecraft:smooth_stone":1,"minecraft:tall_seagrass":4,"minecraft:magma_block":1,"minecraft:carrots":17,"minecraft:iron_ore":11,"minecraft:fire":1,"minecraft:potatoes":6,"minecraft:crafting_table":4,"minecraft:torch":2,"minecraft:short_grass":21,"minecraft:tall_grass":5,"minecraft:oak_planks":2,"minecraft:wall_torch":2,"minecraft:seagrass":1,"minecraft:birch_log":16,"minecraft:wheat":7,"minecraft:birch_leaves":1,"minecraft:oak_log":5,"minecraft:coal_ore":1,"minecraft:beetroots":3,"minecraft:sand":51,"minecraft:dirt":2,"minecraft:cracked_stone_bricks":1,"minecraft:stone_bricks":4,"minecraft:netherrack":20,"minecraft:oak_leaves":12}},"DataVersion":3953}