{"stats":{"minecraft:used":{"minecraft:beetroot":10,"minecraft:chest":4,"minecraft:shield":258,"minecraft:iron_sword":292,"minecraft:rotten_flesh":29,"minecraft:iron_chestplate":3,"minecraft:mutton":4,"minecraft:carrot":2,"minecraft:tuff":13,"minecraft:honey_bottle":14,"minecraft:waxed_oxidized_copper_grate":2,"minecraft:lava_bucket":4,"minecraft:stone_bricks":2,"minecraft:golden_sword":10,"minecraft:ominous_bottle":1,"minecraft:furnace":2,"minecraft:oak_sapling":7,"minecraft:cooked_cod":5,"minecraft:beetroot_seeds":118,"minecraft:potato":42,"minecraft:golden_boots":2,"minecraft:diorite":45,"minecraft:diamond_boots":6,"minecraft:oak_planks":3,"minecraft:stone_pickaxe":259,"minecraft:orange_tulip":1,"minecraft:leather_chestplate":1,"minecraft:golden_apple":3,"minecraft:glow_berries":9,"minecraft:sand":44,"minecraft:crossbow":3,"minecraft:lingering_potion":4,"minecraft:birch_fence":3,"minecraft:bread":14,"minecraft:string":1,"minecraft:gravel":20,"minecraft:pufferfish":1,"minecraft:diamond_sword":1117,"minecraft:andesite":2,"minecraft:oak_boat":4,"minecraft:oak_trapdoor":1,"minecraft:oak_fence":1,"minecraft:stone_sword":235,"minecraft:flint_and_steel":91,"minecraft:cooked_salmon":11,"minecraft:cooked_chicken":3,"minecraft:netherrack":147,"minecraft:trial_key":10,"minecraft:torch":145,"minecraft:dirt":34,"minecraft:anvil":1,"minecraft:diamond_helmet":2,"minecraft:granite":4,"minecraft:wooden_axe":35,"minecraft:iron_boots":1,"minecraft:diamond_chestplate":7,"minecraft:beef":10,"minecraft:cooked_beef":23,"minecraft:cobbled_deepslate":518,"minecraft:iron_leggings":1,"minecraft:wheat_seeds":134,"minecraft:cooked_mutton":2,"minecraft:water_bucket":6,"minecraft:rabbit":2,"minecraft:birch_planks":26,"minecraft:lead":2,"minecraft:baked_potato":24,"minecraft:purple_glazed_terracotta":3,"minecraft:salmon":15,"minecraft:tnt":6,"minecraft:crafting_table":15,"minecraft:white_bed":3,"minecraft:cod":5,"minecraft:diamond_pickaxe":1245,"minecraft:wind_charge":21,"minecraft:chicken":5,"minecraft:iron_pickaxe":588,"minecraft:pink_petals":9,"minecraft:fishing_rod":12,"minecraft:cobblestone":156,"minecraft:potion":3,"minecraft:porkchop":6,"minecraft:cooked_porkchop":66,"minecraft:bucket":13,"minecraft:splash_potion":3,"minecraft:diamond_leggings":2},"minecraft:killed_by":{"minecraft:wither_skeleton":1,"minecraft:player":1,"minecraft:skeleton":1},"minecraft:killed":{"minecraft:cave_spider":44,"minecraft:witch":3,"minecraft:spider":14,"minecraft:skeleton":47,"minecraft:chicken":5,"minecraft:wolf":1,"minecraft:magma_cube":1,"minecraft:pig":14,"minecraft:zombie_villager":2,"minecraft:salmon":38,"minecraft:creeper":4,"minecraft:sheep":4,"minecraft:zombie":102,"minecraft:stray":71,"minecraft:glow_squid":1,"minecraft:blaze":8,"minecraft:cow":11,"minecraft:drowned":5,"minecraft:rabbit":1,"minecraft:hoglin":3,"minecraft:breeze":7,"minecraft:wither_skeleton":9,"minecraft:villager":9},"minecraft:mined":{"minecraft:large_amethyst_bud":1,"minecraft:white_bed":9,"minecraft:farmland":10,"minecraft:sculk_vein":10,"minecraft:cherry_log":7,"minecraft:granite":18,"minecraft:grass_block":11,"minecraft:chiseled_tuff_bricks":1,"minecraft:oxeye_daisy":4,"minecraft:tuff_bricks":22,"minecraft:chiseled_stone_bricks":1,"minecraft:spawner":6,"minecraft:smooth_stone":1,"minecraft:tall_seagrass":5,"minecraft:magma_block":1,"minecraft:sculk_catalyst":3,"minecraft:fire":4,"minecraft:iron_ore":109,"minecraft:barrel":1,"minecraft:cobbled_deepslate":39,"minecraft:polished_tuff":3,"minecraft:pumpkin":3,"minecraft:fletching_table":2,"minecraft:deepslate_lapis_ore":11,"minecraft:azure_bluet":4,"minecraft:enchanting_table":1,"minecraft:sculk_shrieker":1,"minecraft:dirt_path":1,"minecraft:small_amethyst_bud":5,"minecraft:deepslate_redstone_ore":2,"minecraft:crimson_nylium":2,"minecraft:medium_amethyst_bud":2,"minecraft:amethyst_cluster":4,"minecraft:torch":21,"minecraft:blast_furnace":1,"minecraft:nether_quartz_ore":122,"minecraft:cobblestone":12,"minecraft:sugar_cane":141,"minecraft:grindstone":1,"minecraft:oak_planks":23,"minecraft:waxed_chiseled_copper":2,"minecraft:wall_torch":8,"minecraft:amethyst_block":16,"minecraft:pink_petals":34,"minecraft:seagrass":2,"minecraft:waxed_copper_bulb":2,"minecraft:wheat":151,"minecraft:birch_log":16,"minecraft:waxed_copper_block":8,"minecraft:oak_log":16,"minecraft:beetroots":54,"minecraft:sand":51,"minecraft:dirt":28,"minecraft:dispenser":3,"minecraft:netherrack":185,"minecraft:oak_leaves":12,"minecraft:deepslate":756,"minecraft:purple_glazed_terracotta":3,"minecraft:tuff":66,"minecraft:deepslate_diamond_ore":147,"minecraft:sea_lantern":1,"minecraft:crimson_roots":1,"minecraft:vault":1,"minecraft:oak_trapdoor":2,"minecraft:waxed_oxidized_cut_copper":1,"minecraft:furnace":4,"minecraft:carrots":62,"minecraft:andesite":1,"minecraft:bookshelf":16,"minecraft:potatoes":40,"minecraft:shroomlight":3,"minecraft:deepslate_iron_ore":16,"minecraft:bamboo":5,"minecraft:stone":238,"minecraft:smithing_table":1,"minecraft:dandelion":1,"minecraft:crafting_table":14,"minecraft:short_grass":38,"minecraft:emerald_ore":3,"minecraft:sculk_sensor":7,"minecraft:lectern":1,"minecraft:tall_grass":8,"minecraft:copper_ore":4,"minecraft:deepslate_gold_ore":4,"minecraft:lapis_ore":5,"minecraft:sculk":830,"minecraft:diorite":45,"minecraft:birch_planks":4,"minecraft:waxed_oxidized_copper_grate":5,"minecraft:birch_leaves":1,"minecraft:yellow_bed":3,"minecraft:coal_ore":39,"minecraft:cherry_leaves":39,"minecraft:gravel":43,"minecraft:cracked_stone_bricks":1,"minecraft:stone_bricks":4,"minecraft:chipped_anvil":1,"minecraft:deepslate_emerald_ore":1},"minecraft:picked_up":{"minecraft:iron_chestplate":1,"minecraft:wheat":126,"minecraft:lead":4,"minecraft:diamond_sword":5,"minecraft:potion":3,"minecraft:enchanted_book":3,"minecraft:golden_sword":1,"minecraft:amethyst_block":26,"minecraft:string":102,"minecraft:raw_copper":42,"minecraft:cooked_salmon":2,"minecraft:iron_leggings":1,"minecraft:pufferfish":1,"minecraft:beetroot":46,"minecraft:diamond_leggings":5,"minecraft:smooth_stone":2,"minecraft:cobbled_deepslate":966,"minecraft:bucket":1,"minecraft:trial_key":20,"minecraft:iron_pickaxe":2,"minecraft:furnace":2,"minecraft:tipped_arrow":25,"minecraft:stick":7,"minecraft:torch":125,"minecraft:porkchop":37,"minecraft:cherry_log":7,"minecraft:diorite":45,"minecraft:rotten_flesh":223,"minecraft:honey_bottle":5,"minecraft:blaze_rod":9,"minecraft:obsidian":4,"minecraft:cod":5,"minecraft:cobblestone":477,"minecraft:birch_log":16,"minecraft:enchanting_table":1,"minecraft:pink_petals":228,"minecraft:magma_block":1,"minecraft:feather":6,"minecraft:cooked_beef":4,"minecraft:cherry_planks":26,"minecraft:water_bucket":1,"minecraft:andesite":2,"minecraft:potato":57,"minecraft:flint":6,"minecraft:tuff":63,"minecraft:dirt":63,"minecraft:lapis_lazuli":255,"minecraft:name_tag":2,"minecraft:leather_boots":1,"minecraft:bone":247,"minecraft:chipped_anvil":1,"minecraft:bow":6,"minecraft:orange_tulip":1,"minecraft:wheat_seeds":345,"minecraft:raw_gold":6,"minecraft:bolt_armor_trim_smithing_template":4,"minecraft:bamboo":51,"minecraft:rabbit":1,"minecraft:diamond_helmet":4,"minecraft:glowstone_dust":3,"minecraft:oak_planks":45,"minecraft:cooked_porkchop":184,"minecraft:sand":44,"minecraft:ink_sac":1,"minecraft:sugar":1,"minecraft:diamond":391,"minecraft:waxed_oxidized_copper_grate":3,"minecraft:breeze_rod":12,"minecraft:crossbow":2,"minecraft:granite":29,"minecraft:bone_meal":2,"minecraft:golden_apple":1,"minecraft:emerald":50,"minecraft:bread":15,"minecraft:oak_sapling":7,"minecraft:netherrack":151,"minecraft:diamond_pickaxe":3,"minecraft:fishing_rod":1,"minecraft:crafting_table":13,"minecraft:splash_potion":2,"minecraft:azure_bluet":4,"minecraft:ominous_bottle":7,"minecraft:chicken":6,"minecraft:leather_leggings":2,"minecraft:diamond_horse_armor":2,"minecraft:shield":17,"minecraft:wind_charge":48,"minecraft:oak_trapdoor":1,"minecraft:flint_and_steel":1,"minecraft:compass":1,"minecraft:cracked_stone_bricks":1,"minecraft:beef":22,"minecraft:oak_boat":3,"minecraft:sugar_cane":402,"minecraft:birch_sapling":1,"minecraft:raw_iron":195,"minecraft:oak_door":1,"minecraft:fire_charge":6,"minecraft:trident":1,"minecraft:carrot":109,"minecraft:redstone":36,"minecraft:tnt":6,"minecraft:arrow":163,"minecraft:diamond_chestplate":6,"minecraft:beetroot_seeds":118,"minecraft:diamond_boots":6,"minecraft:saddle":2,"minecraft:gold_ingot":60,"minecraft:tuff_bricks":9,"minecraft:mutton":6,"minecraft:white_wool":5,"minecraft:oxeye_daisy":4,"minecraft:glow_ink_sac":3,"minecraft:salmon":39,"minecraft:leather":13,"minecraft:filled_map":1,"minecraft:birch_planks":17,"minecraft:oak_log":31,"minecraft:waxed_copper_block":2,"minecraft:golden_boots":5,"minecraft:gunpowder":2,"minecraft:apple":1,"minecraft:stone_bricks":4,"minecraft:kelp":11,"minecraft:iron_ingot":243,"minecraft:cooked_chicken":4,"minecraft:glass_bottle":11,"minecraft:iron_sword":1,"minecraft:book":49,"minecraft:oak_slab":1,"minecraft:pumpkin":3,"minecraft:quartz":123,"minecraft:dandelion":2,"minecraft:gravel":37,"minecraft:lava_bucket":4,"minecraft:amethyst_shard":48,"minecraft:blast_furnace":1,"minecraft:white_bed":4,"minecraft:spider_eye":16,"minecraft:purple_glazed_terracotta":3,"minecraft:rib_armor_trim_smithing_template":2,"minecraft:cherry_sapling":1,"minecraft:baked_potato":6,"minecraft:chiseled_tuff_bricks":1,"minecraft:coal":133},"minecraft:custom":{"minecraft:interact_with_crafting_table":129,"minecraft:open_barrel":8,"minecraft:leave_game":11,"minecraft:time_since_death":116886,"minecraft:sprint_one_cm":2216417,"minecraft:damage_blocked_by_shield":11986,"minecraft:drop":356,"minecraft:talked_to_villager":148,"minecraft:play_time":780672,"minecraft:deaths":6,"minecraft:jump":12086,"minecraft:walk_on_water_one_cm":118618,"minecraft:interact_with_furnace":150,"minecraft:traded_with_villager":111,"minecraft:sleep_in_bed":10,"minecraft:damage_dealt":66295,"minecraft:crouch_one_cm":126045,"minecraft:interact_with_smoker":8,"minecraft:inspect_dispenser":65,"minecraft:horse_one_cm":1222736,"minecraft:interact_with_smithing_table":3,"minecraft:mob_kills":414,"minecraft:interact_with_anvil":12,"minecraft:climb_one_cm":23191,"minecraft:walk_one_cm":3029007,"minecraft:sneak_time":40792,"minecraft:walk_under_water_one_cm":95183,"minecraft:boat_one_cm":239134,"minecraft:interact_with_blast_furnace":2,"minecraft:total_world_time":780672,"minecraft:interact_with_grindstone":15,"minecraft:time_since_rest":1801,"minecraft:damage_taken":12248,"minecraft:damage_absorbed":79,"minecraft:trigger_trapped_chest":12,"minecraft:swim_one_cm":157946,"minecraft:fly_one_cm":1815928,"minecraft:open_chest":184,"minecraft:fish_caught":8,"minecraft:fall_one_cm":278230},"minecraft:dropped":{"minecraft:iron_sword":2,"minecraft:porkchop":2,"minecraft:ominous_bottle":4,"minecraft:glow_ink_sac":3,"minecraft:glass_bottle":21,"minecraft:crafting_table":1,"minecraft:cooked_porkchop":31,"minecraft:crossbow":1,"minecraft:leather":10,"minecraft:cracked_stone_bricks":1,"minecraft:flint":1,"minecraft:dirt":21,"minecraft:bone_meal":1,"minecraft:sugar":1,"minecraft:white_wool":5,"minecraft:gold_ingot":27,"minecraft:bone":26,"minecraft:oak_door":1,"minecraft:sugar_cane":28,"minecraft:cooked_chicken":1,"minecraft:cobbled_deepslate":6,"minecraft:chiseled_tuff_bricks":1,"minecraft:wheat":1,"minecraft:birch_sapling":1,"minecraft:rotten_flesh":104,"minecraft:oak_planks":2,"minecraft:glowstone_dust":3,"minecraft:carrot":1,"minecraft:azure_bluet":1,"minecraft:white_bed":1,"minecraft:wind_charge":13,"minecraft:tipped_arrow":19,"minecraft:gunpowder":2,"minecraft:leather_boots":1,"minecraft:leather_leggings":2,"minecraft:arrow":90,"minecraft:quartz":20,"minecraft:netherrack":4,"minecraft:iron_ingot":5,"minecraft:golden_boots":4,"minecraft:bread":7,"minecraft:wheat_seeds":29,"minecraft:diamond_leggings":3,"minecraft:feather":6,"minecraft:cobblestone":59,"minecraft:granite":24,"minecraft:stick":21,"minecraft:oxeye_daisy":3,"minecraft:ink_sac":1,"minecraft:diamond_helmet":3,"minecraft:pumpkin":3,"minecraft:heart_of_the_sea":1,"minecraft:chipped_anvil":1,"minecraft:smooth_stone":2,"minecraft:paper":11,"minecraft:string":93,"minecraft:pink_petals":27,"minecraft:dandelion":2,"minecraft:redstone":12,"minecraft:tuff_bricks":1,"minecraft:kelp":11,"minecraft:blaze_rod":5,"minecraft:raw_copper":28,"minecraft:tuff":7,"minecraft:flint_and_steel":1,"minecraft:blast_furnace":1,"minecraft:filled_map":1,"minecraft:diamond_sword":3,"minecraft:shield":12,"minecraft:trial_key":10,"minecraft:diamond_chestplate":3,"minecraft:iron_chestplate":1,"minecraft:golden_sword":2,"minecraft:stone_bricks":1,"minecraft:spider_eye":9,"minecraft:diamond_boots":4,"minecraft:bow":4,"minecraft:raw_gold":2},"minecraft:crafted":{"minecraft:oak_planks":172,"minecraft:cooked_mutton":8,"minecraft:diamond_helmet":3,"minecraft:diamond_leggings":3,"minecraft:iron_boots":1,"minecraft:chest":4,"minecraft:oak_fence":3,"minecraft:golden_boots":2,"minecraft:emerald":108,"minecraft:cooked_porkchop":32,"minecraft:crafting_table":6,"minecraft:baked_potato":18,"minecraft:iron_helmet":1,"minecraft:oak_wood":3,"minecraft:birch_planks":56,"minecraft:iron_chestplate":1,"minecraft:book":1,"minecraft:paper":396,"minecraft:diamond_pickaxe":1,"minecraft:shield":5,"minecraft:birch_fence":3,"minecraft:stick":568,"minecraft:iron_ingot":133,"minecraft:compass":1,"minecraft:iron_pickaxe":4,"minecraft:iron_block":3,"minecraft:stone_sword":2,"minecraft:gold_ingot":31,"minecraft:cherry_planks":92,"minecraft:furnace":2,"minecraft:flint_and_steel":1,"minecraft:stone_pickaxe":2,"minecraft:diamond_boots":3,"minecraft:lead":2,"minecraft:cooked_beef":4,"minecraft:diamond_sword":3,"minecraft:iron_sword":1,"minecraft:cooked_salmon":9,"minecraft:bucket":3,"minecraft:enchanted_book":3,"minecraft:bread":3,"minecraft:oak_boat":3,"minecraft:wooden_axe":1,"minecraft:iron_leggings":1,"minecraft:anvil":1,"minecraft:torch":52,"minecraft:diamond_chestplate":2},"minecraft:broken":{"minecraft:stone_pickaxe":2,"minecraft:stone_sword":2,"minecraft:flint_and_steel":1,"minecraft:shield":3,"minecraft:iron_pickaxe":1}},"DataVersion":3953}