{"stats":{"minecraft:picked_up":{"minecraft:crafting_table":5,"minecraft:wheat":11,"minecraft:chicken":4,"minecraft:lead":1,"minecraft:string":3,"minecraft:beetroot":9,"minecraft:cracked_stone_bricks":1,"minecraft:cobbled_deepslate":62,"minecraft:smooth_stone":2,"minecraft:beef":7,"minecraft:oak_boat":3,"minecraft:birch_sapling":1,"minecraft:furnace":2,"minecraft:raw_iron":85,"minecraft:oak_door":1,"minecraft:torch":9,"minecraft:porkchop":32,"minecraft:diorite":45,"minecraft:carrot":42,"minecraft:arrow":8,"minecraft:rotten_flesh":17,"minecraft:beetroot_seeds":22,"minecraft:blaze_rod":1,"minecraft:mutton":5,"minecraft:white_wool":4,"minecraft:cobblestone":65,"minecraft:birch_log":16,"minecraft:magma_block":1,"minecraft:feather":5,"minecraft:andesite":1,"minecraft:salmon":37,"minecraft:leather":2,"minecraft:potato":19,"minecraft:filled_map":1,"minecraft:tuff":1,"minecraft:oak_log":11,"minecraft:dirt":8,"minecraft:bone":10,"minecraft:stone_bricks":4,"minecraft:wheat_seeds":32,"minecraft:iron_ingot":25,"minecraft:oak_planks":3,"minecraft:iron_sword":1,"minecraft:sand":44,"minecraft:white_bed":3,"minecraft:spider_eye":1,"minecraft:diamond":28,"minecraft:purple_glazed_terracotta":3,"minecraft:granite":1,"minecraft:bone_meal":2,"minecraft:netherrack":62,"minecraft:coal":19},"minecraft:broken":{"minecraft:stone_sword":2,"minecraft:stone_pickaxe":2},"minecraft:killed_by":{"minecraft:player":1},"minecraft:custom":{"minecraft:interact_with_smithing_table":1,"minecraft:mob_kills":105,"minecraft:interact_with_crafting_table":34,"minecraft:leave_game":3,"minecraft:time_since_death":129657,"minecraft:climb_one_cm":953,"minecraft:sprint_one_cm":833410,"minecraft:walk_one_cm":743485,"minecraft:damage_blocked_by_shield":718,"minecraft:drop":26,"minecraft:talked_to_villager":4,"minecraft:play_time":222624,"minecraft:deaths":1,"minecraft:sneak_time":5136,"minecraft:walk_under_water_one_cm":65756,"minecraft:boat_one_cm":48298,"minecraft:jump":3445,"minecraft:walk_on_water_one_cm":49476,"minecraft:total_world_time":222624,"minecraft:interact_with_furnace":77,"minecraft:sleep_in_bed":1,"minecraft:time_since_rest":17464,"minecraft:damage_taken":3416,"minecraft:damage_dealt":12722,"minecraft:swim_one_cm":105063,"minecraft:fly_one_cm":613040,"minecraft:open_chest":43,"minecraft:crouch_one_cm":13068,"minecraft:interact_with_smoker":1,"minecraft:fall_one_cm":75048,"minecraft:horse_one_cm":1152270},"minecraft:killed":{"minecraft:cave_spider":1,"minecraft:spider":3,"minecraft:skeleton":11,"minecraft:chicken":4,"minecraft:drowned":2,"minecraft:pig":12,"minecraft:salmon":38,"minecraft:hoglin":2,"minecraft:creeper":1,"minecraft:sheep":3,"minecraft:zombie":21,"minecraft:wither_skeleton":1,"minecraft:blaze":2,"minecraft:cow":4},"minecraft:crafted":{"minecraft:oak_planks":52,"minecraft:furnace":2,"minecraft:cooked_mutton":8,"minecraft:iron_boots":1,"minecraft:stone_pickaxe":2,"minecraft:chest":1,"minecraft:oak_fence":3,"minecraft:lead":2,"minecraft:golden_boots":1,"minecraft:cooked_beef":4,"minecraft:cooked_porkchop":32,"minecraft:crafting_table":3,"minecraft:baked_potato":18,"minecraft:iron_helmet":1,"minecraft:iron_sword":1,"minecraft:cooked_salmon":9,"minecraft:bucket":1,"minecraft:birch_planks":56,"minecraft:bread":2,"minecraft:oak_boat":2,"minecraft:iron_chestplate":1,"minecraft:shield":1,"minecraft:stick":48,"minecraft:iron_ingot":61,"minecraft:iron_pickaxe":2,"minecraft:wooden_axe":1,"minecraft:stone_sword":2,"minecraft:iron_leggings":1,"minecraft:torch":52},"minecraft:used":{"minecraft:beetroot":2,"minecraft:oak_fence":1,"minecraft:stone_sword":235,"minecraft:chest":1,"minecraft:shield":18,"minecraft:iron_sword":115,"minecraft:rotten_flesh":8,"minecraft:netherrack":58,"minecraft:iron_chestplate":1,"minecraft:torch":57,"minecraft:dirt":5,"minecraft:mutton":3,"minecraft:tuff":1,"minecraft:wooden_axe":35,"minecraft:iron_boots":1,"minecraft:stone_bricks":2,"minecraft:beef":3,"minecraft:furnace":2,"minecraft:cooked_cod":5,"minecraft:beetroot_seeds":22,"minecraft:potato":1,"minecraft:cooked_beef":4,"minecraft:cobbled_deepslate":51,"minecraft:iron_leggings":1,"minecraft:wheat_seeds":30,"minecraft:cooked_mutton":2,"minecraft:diorite":45,"minecraft:stone_pickaxe":259,"minecraft:oak_planks":1,"minecraft:baked_potato":2,"minecraft:leather_chestplate":1,"minecraft:purple_glazed_terracotta":3,"minecraft:salmon":4,"minecraft:sand":44,"minecraft:crafting_table":6,"minecraft:white_bed":3,"minecraft:chicken":4,"minecraft:bread":2,"minecraft:iron_pickaxe":145,"minecraft:cobblestone":46,"minecraft:porkchop":2,"minecraft:cooked_porkchop":32,"minecraft:andesite":1,"minecraft:bucket":1,"minecraft:oak_boat":3},"minecraft:dropped":{"minecraft:iron_sword":1,"minecraft:porkchop":1,"minecraft:wheat_seeds":2,"minecraft:feather":5,"minecraft:cobblestone":1,"minecraft:cracked_stone_bricks":1,"minecraft:dirt":1,"minecraft:bone_meal":1,"minecraft:smooth_stone":2,"minecraft:white_wool":4,"minecraft:oak_door":1,"minecraft:tuff":7,"minecraft:birch_sapling":1,"minecraft:wheat":1,"minecraft:filled_map":1,"minecraft:stone_bricks":1,"minecraft:arrow":1,"minecraft:netherrack":4},"minecraft:mined":{"minecraft:purple_glazed_terracotta":3,"minecraft:tuff":1,"minecraft:white_bed":3,"minecraft:deepslate_diamond_ore":28,"minecraft:sea_lantern":1,"minecraft:granite":1,"minecraft:grass_block":4,"minecraft:chiseled_stone_bricks":1,"minecraft:smooth_stone":1,"minecraft:tall_seagrass":4,"minecraft:magma_block":1,"minecraft:furnace":2,"minecraft:carrots":17,"minecraft:iron_ore":69,"minecraft:fire":1,"minecraft:andesite":1,"minecraft:deepslate_iron_ore":16,"minecraft:potatoes":6,"minecraft:shroomlight":1,"minecraft:stone":53,"minecraft:crafting_table":5,"minecraft:torch":4,"minecraft:short_grass":21,"minecraft:cobblestone":1,"minecraft:tall_grass":5,"minecraft:oak_planks":3,"minecraft:diorite":45,"minecraft:wall_torch":4,"minecraft:seagrass":1,"minecraft:birch_log":16,"minecraft:wheat":14,"minecraft:birch_leaves":1,"minecraft:oak_log":11,"minecraft:coal_ore":18,"minecraft:beetroots":15,"minecraft:sand":51,"minecraft:dirt":3,"minecraft:cracked_stone_bricks":1,"minecraft:stone_bricks":4,"minecraft:netherrack":84,"minecraft:deepslate":66,"minecraft:oak_leaves":12}},"DataVersion":3953}