{"stats":{"minecraft:picked_up":{"minecraft:crafting_table":7,"minecraft:wheat":11,"minecraft:ominous_bottle":1,"minecraft:chicken":4,"minecraft:lead":1,"minecraft:potion":3,"minecraft:enchanted_book":1,"minecraft:shield":8,"minecraft:wind_charge":2,"minecraft:string":33,"minecraft:iron_leggings":1,"minecraft:beetroot":9,"minecraft:cracked_stone_bricks":1,"minecraft:cobbled_deepslate":111,"minecraft:smooth_stone":2,"minecraft:beef":7,"minecraft:trial_key":8,"minecraft:oak_boat":3,"minecraft:birch_sapling":1,"minecraft:furnace":2,"minecraft:tipped_arrow":24,"minecraft:raw_iron":85,"minecraft:oak_door":1,"minecraft:torch":27,"minecraft:fire_charge":6,"minecraft:porkchop":32,"minecraft:diorite":45,"minecraft:trident":1,"minecraft:carrot":42,"minecraft:diamond_chestplate":1,"minecraft:honey_bottle":3,"minecraft:arrow":57,"minecraft:rotten_flesh":24,"minecraft:beetroot_seeds":22,"minecraft:tuff_bricks":5,"minecraft:blaze_rod":1,"minecraft:mutton":5,"minecraft:white_wool":4,"minecraft:cobblestone":65,"minecraft:birch_log":16,"minecraft:magma_block":1,"minecraft:feather":5,"minecraft:glow_ink_sac":3,"minecraft:andesite":1,"minecraft:salmon":37,"minecraft:leather":2,"minecraft:potato":19,"minecraft:birch_planks":4,"minecraft:filled_map":1,"minecraft:tuff":2,"minecraft:oak_log":11,"minecraft:waxed_copper_block":2,"minecraft:golden_boots":2,"minecraft:dirt":8,"minecraft:bone":54,"minecraft:stone_bricks":4,"minecraft:bow":2,"minecraft:wheat_seeds":32,"minecraft:iron_ingot":34,"minecraft:cooked_chicken":1,"minecraft:bolt_armor_trim_smithing_template":1,"minecraft:oak_planks":4,"minecraft:iron_sword":1,"minecraft:sand":44,"minecraft:white_bed":3,"minecraft:spider_eye":7,"minecraft:diamond":50,"minecraft:purple_glazed_terracotta":3,"minecraft:waxed_oxidized_copper_grate":3,"minecraft:breeze_rod":6,"minecraft:granite":1,"minecraft:bone_meal":2,"minecraft:golden_apple":1,"minecraft:bread":5,"minecraft:emerald":6,"minecraft:baked_potato":6,"minecraft:netherrack":62,"minecraft:coal":19},"minecraft:broken":{"minecraft:stone_sword":2,"minecraft:stone_pickaxe":2},"minecraft:killed_by":{"minecraft:player":1},"minecraft:custom":{"minecraft:interact_with_smithing_table":1,"minecraft:mob_kills":210,"minecraft:interact_with_crafting_table":43,"minecraft:open_barrel":7,"minecraft:leave_game":3,"minecraft:time_since_death":219657,"minecraft:climb_one_cm":12575,"minecraft:sprint_one_cm":1241620,"minecraft:walk_one_cm":1140576,"minecraft:damage_blocked_by_shield":3146,"minecraft:drop":95,"minecraft:talked_to_villager":4,"minecraft:play_time":312624,"minecraft:deaths":1,"minecraft:sneak_time":8206,"minecraft:walk_under_water_one_cm":68950,"minecraft:boat_one_cm":48298,"minecraft:jump":4500,"minecraft:walk_on_water_one_cm":54277,"minecraft:total_world_time":312624,"minecraft:interact_with_furnace":77,"minecraft:sleep_in_bed":2,"minecraft:time_since_rest":19207,"minecraft:damage_taken":5291,"minecraft:damage_absorbed":79,"minecraft:damage_dealt":29076,"minecraft:swim_one_cm":105313,"minecraft:fly_one_cm":744277,"minecraft:open_chest":80,"minecraft:crouch_one_cm":19665,"minecraft:interact_with_smoker":1,"minecraft:fall_one_cm":108578,"minecraft:inspect_dispenser":59,"minecraft:horse_one_cm":1152270},"minecraft:killed":{"minecraft:cave_spider":26,"minecraft:spider":3,"minecraft:skeleton":14,"minecraft:chicken":4,"minecraft:drowned":3,"minecraft:pig":12,"minecraft:salmon":38,"minecraft:hoglin":2,"minecraft:creeper":1,"minecraft:sheep":3,"minecraft:zombie":35,"minecraft:stray":48,"minecraft:breeze":7,"minecraft:glow_squid":1,"minecraft:wither_skeleton":1,"minecraft:blaze":2,"minecraft:cow":4},"minecraft:crafted":{"minecraft:oak_planks":52,"minecraft:furnace":2,"minecraft:cooked_mutton":8,"minecraft:diamond_helmet":1,"minecraft:diamond_leggings":1,"minecraft:iron_boots":1,"minecraft:stone_pickaxe":2,"minecraft:chest":2,"minecraft:diamond_boots":1,"minecraft:oak_fence":3,"minecraft:lead":2,"minecraft:golden_boots":1,"minecraft:cooked_beef":4,"minecraft:diamond_sword":1,"minecraft:cooked_porkchop":32,"minecraft:crafting_table":3,"minecraft:baked_potato":18,"minecraft:iron_helmet":1,"minecraft:iron_sword":1,"minecraft:cooked_salmon":9,"minecraft:bucket":1,"minecraft:birch_planks":56,"minecraft:bread":3,"minecraft:oak_boat":2,"minecraft:iron_chestplate":1,"minecraft:diamond_pickaxe":1,"minecraft:shield":1,"minecraft:stick":48,"minecraft:iron_ingot":61,"minecraft:iron_pickaxe":2,"minecraft:wooden_axe":1,"minecraft:stone_sword":2,"minecraft:iron_leggings":1,"minecraft:torch":52,"minecraft:diamond_chestplate":1},"minecraft:used":{"minecraft:beetroot":9,"minecraft:oak_fence":1,"minecraft:stone_sword":235,"minecraft:chest":2,"minecraft:shield":108,"minecraft:iron_sword":292,"minecraft:cooked_salmon":9,"minecraft:cooked_chicken":1,"minecraft:trial_key":6,"minecraft:rotten_flesh":18,"minecraft:netherrack":58,"minecraft:iron_chestplate":1,"minecraft:torch":77,"minecraft:dirt":5,"minecraft:mutton":3,"minecraft:tuff":2,"minecraft:wooden_axe":35,"minecraft:waxed_oxidized_copper_grate":2,"minecraft:iron_boots":1,"minecraft:stone_bricks":2,"minecraft:diamond_chestplate":1,"minecraft:beef":3,"minecraft:furnace":2,"minecraft:cooked_cod":5,"minecraft:beetroot_seeds":22,"minecraft:potato":1,"minecraft:cooked_beef":4,"minecraft:cobbled_deepslate":99,"minecraft:iron_leggings":1,"minecraft:wheat_seeds":30,"minecraft:cooked_mutton":2,"minecraft:diorite":45,"minecraft:birch_planks":25,"minecraft:stone_pickaxe":259,"minecraft:oak_planks":1,"minecraft:baked_potato":11,"minecraft:leather_chestplate":1,"minecraft:purple_glazed_terracotta":3,"minecraft:salmon":4,"minecraft:golden_apple":3,"minecraft:glow_berries":9,"minecraft:sand":44,"minecraft:crafting_table":9,"minecraft:white_bed":3,"minecraft:lingering_potion":2,"minecraft:diamond_pickaxe":1,"minecraft:wind_charge":2,"minecraft:chicken":4,"minecraft:bread":11,"minecraft:iron_pickaxe":266,"minecraft:gravel":19,"minecraft:diamond_sword":202,"minecraft:potion":1,"minecraft:cobblestone":46,"minecraft:porkchop":2,"minecraft:cooked_porkchop":32,"minecraft:andesite":1,"minecraft:bucket":1,"minecraft:oak_boat":3,"minecraft:diamond_leggings":1},"minecraft:mined":{"minecraft:purple_glazed_terracotta":3,"minecraft:tuff":2,"minecraft:white_bed":3,"minecraft:deepslate_diamond_ore":50,"minecraft:sea_lantern":1,"minecraft:granite":1,"minecraft:grass_block":4,"minecraft:tuff_bricks":12,"minecraft:chiseled_stone_bricks":1,"minecraft:spawner":5,"minecraft:vault":1,"minecraft:smooth_stone":1,"minecraft:tall_seagrass":4,"minecraft:magma_block":1,"minecraft:waxed_oxidized_cut_copper":1,"minecraft:furnace":2,"minecraft:carrots":17,"minecraft:cobbled_deepslate":7,"minecraft:iron_ore":69,"minecraft:fire":1,"minecraft:polished_tuff":3,"minecraft:andesite":1,"minecraft:deepslate_iron_ore":16,"minecraft:potatoes":6,"minecraft:shroomlight":1,"minecraft:stone":53,"minecraft:crafting_table":7,"minecraft:torch":21,"minecraft:short_grass":21,"minecraft:cobblestone":1,"minecraft:tall_grass":5,"minecraft:oak_planks":4,"minecraft:waxed_chiseled_copper":2,"minecraft:diorite":45,"minecraft:wall_torch":5,"minecraft:seagrass":1,"minecraft:waxed_copper_bulb":1,"minecraft:birch_planks":4,"minecraft:waxed_oxidized_copper_grate":5,"minecraft:birch_log":16,"minecraft:wheat":14,"minecraft:birch_leaves":1,"minecraft:waxed_copper_block":7,"minecraft:oak_log":11,"minecraft:coal_ore":18,"minecraft:beetroots":15,"minecraft:gravel":1,"minecraft:sand":51,"minecraft:dirt":3,"minecraft:cracked_stone_bricks":1,"minecraft:dispenser":3,"minecraft:stone_bricks":4,"minecraft:netherrack":84,"minecraft:deepslate":113,"minecraft:oak_leaves":12},"minecraft:dropped":{"minecraft:golden_boots":2,"minecraft:iron_ingot":5,"minecraft:bread":1,"minecraft:iron_sword":2,"minecraft:porkchop":1,"minecraft:wheat_seeds":2,"minecraft:glow_ink_sac":3,"minecraft:glass_bottle":1,"minecraft:feather":5,"minecraft:cobblestone":1,"minecraft:cracked_stone_bricks":1,"minecraft:stick":19,"minecraft:dirt":1,"minecraft:bone_meal":1,"minecraft:heart_of_the_sea":1,"minecraft:smooth_stone":2,"minecraft:string":28,"minecraft:white_wool":4,"minecraft:gold_ingot":27,"minecraft:oak_door":1,"minecraft:tuff_bricks":1,"minecraft:cobbled_deepslate":6,"minecraft:tuff":7,"minecraft:birch_sapling":1,"minecraft:wheat":1,"minecraft:wind_charge":2,"minecraft:filled_map":1,"minecraft:tipped_arrow":19,"minecraft:shield":8,"minecraft:spider_eye":6,"minecraft:stone_bricks":1,"minecraft:arrow":51,"minecraft:bow":1,"minecraft:netherrack":4}},"DataVersion":3953}