{"stats":{"minecraft:custom":{"minecraft:interact_with_crafting_table":98,"minecraft:open_barrel":7,"minecraft:leave_game":8,"minecraft:time_since_death":73430,"minecraft:sprint_one_cm":1650791,"minecraft:damage_blocked_by_shield":11216,"minecraft:drop":293,"minecraft:talked_to_villager":6,"minecraft:play_time":584185,"minecraft:deaths":4,"minecraft:jump":8442,"minecraft:walk_on_water_one_cm":98410,"minecraft:interact_with_furnace":108,"minecraft:sleep_in_bed":4,"minecraft:damage_dealt":53397,"minecraft:crouch_one_cm":74298,"minecraft:interact_with_smoker":8,"minecraft:inspect_dispenser":65,"minecraft:horse_one_cm":1214084,"minecraft:interact_with_smithing_table":1,"minecraft:mob_kills":346,"minecraft:interact_with_anvil":2,"minecraft:climb_one_cm":21067,"minecraft:walk_one_cm":2538350,"minecraft:sneak_time":24995,"minecraft:walk_under_water_one_cm":90687,"minecraft:boat_one_cm":239134,"minecraft:total_world_time":584185,"minecraft:interact_with_grindstone":13,"minecraft:time_since_rest":74111,"minecraft:damage_taken":9270,"minecraft:damage_absorbed":79,"minecraft:trigger_trapped_chest":12,"minecraft:swim_one_cm":123969,"minecraft:fly_one_cm":1064492,"minecraft:open_chest":109,"minecraft:fish_caught":8,"minecraft:fall_one_cm":185874},"minecraft:dropped":{"minecraft:iron_sword":2,"minecraft:porkchop":1,"minecraft:ominous_bottle":4,"minecraft:glow_ink_sac":3,"minecraft:glass_bottle":20,"minecraft:cooked_porkchop":31,"minecraft:crossbow":1,"minecraft:leather":1,"minecraft:cracked_stone_bricks":1,"minecraft:dirt":1,"minecraft:bone_meal":1,"minecraft:white_wool":5,"minecraft:gold_ingot":27,"minecraft:bone":14,"minecraft:oak_door":1,"minecraft:cooked_chicken":1,"minecraft:chiseled_tuff_bricks":1,"minecraft:cobbled_deepslate":6,"minecraft:wheat":1,"minecraft:birch_sapling":1,"minecraft:wind_charge":13,"minecraft:tipped_arrow":19,"minecraft:gunpowder":1,"minecraft:leather_boots":1,"minecraft:leather_leggings":2,"minecraft:arrow":59,"minecraft:netherrack":4,"minecraft:iron_ingot":5,"minecraft:golden_boots":3,"minecraft:bread":7,"minecraft:wheat_seeds":26,"minecraft:diamond_leggings":3,"minecraft:feather":6,"minecraft:cobblestone":1,"minecraft:stick":19,"minecraft:oxeye_daisy":3,"minecraft:ink_sac":1,"minecraft:diamond_helmet":3,"minecraft:heart_of_the_sea":1,"minecraft:smooth_stone":2,"minecraft:string":93,"minecraft:tuff_bricks":1,"minecraft:kelp":11,"minecraft:raw_copper":28,"minecraft:tuff":7,"minecraft:filled_map":1,"minecraft:diamond_sword":3,"minecraft:shield":12,"minecraft:trial_key":10,"minecraft:diamond_chestplate":3,"minecraft:iron_chestplate":1,"minecraft:stone_bricks":1,"minecraft:spider_eye":6,"minecraft:diamond_boots":4,"minecraft:bow":3,"minecraft:raw_gold":2},"minecraft:used":{"minecraft:beetroot":9,"minecraft:chest":4,"minecraft:shield":240,"minecraft:iron_sword":292,"minecraft:rotten_flesh":29,"minecraft:iron_chestplate":3,"minecraft:mutton":4,"minecraft:tuff":13,"minecraft:honey_bottle":14,"minecraft:waxed_oxidized_copper_grate":2,"minecraft:lava_bucket":4,"minecraft:stone_bricks":2,"minecraft:ominous_bottle":1,"minecraft:furnace":2,"minecraft:oak_sapling":3,"minecraft:cooked_cod":5,"minecraft:beetroot_seeds":22,"minecraft:potato":1,"minecraft:diorite":45,"minecraft:diamond_boots":2,"minecraft:stone_pickaxe":259,"minecraft:oak_planks":1,"minecraft:orange_tulip":1,"minecraft:leather_chestplate":1,"minecraft:golden_apple":3,"minecraft:glow_berries":9,"minecraft:sand":44,"minecraft:crossbow":3,"minecraft:lingering_potion":4,"minecraft:birch_fence":3,"minecraft:bread":14,"minecraft:string":1,"minecraft:gravel":19,"minecraft:pufferfish":1,"minecraft:diamond_sword":675,"minecraft:andesite":2,"minecraft:oak_boat":4,"minecraft:oak_fence":1,"minecraft:stone_sword":235,"minecraft:flint_and_steel":27,"minecraft:cooked_salmon":11,"minecraft:cooked_chicken":3,"minecraft:trial_key":10,"minecraft:netherrack":58,"minecraft:torch":111,"minecraft:dirt":14,"minecraft:anvil":1,"minecraft:granite":4,"minecraft:wooden_axe":35,"minecraft:iron_boots":1,"minecraft:diamond_chestplate":4,"minecraft:beef":5,"minecraft:cooked_beef":8,"minecraft:cobbled_deepslate":380,"minecraft:iron_leggings":1,"minecraft:wheat_seeds":30,"minecraft:cooked_mutton":2,"minecraft:water_bucket":5,"minecraft:rabbit":1,"minecraft:birch_planks":26,"minecraft:lead":2,"minecraft:baked_potato":24,"minecraft:purple_glazed_terracotta":3,"minecraft:salmon":15,"minecraft:tnt":6,"minecraft:crafting_table":13,"minecraft:white_bed":3,"minecraft:cod":5,"minecraft:diamond_pickaxe":692,"minecraft:wind_charge":21,"minecraft:chicken":5,"minecraft:iron_pickaxe":522,"minecraft:fishing_rod":12,"minecraft:cobblestone":86,"minecraft:potion":3,"minecraft:cooked_porkchop":47,"minecraft:porkchop":2,"minecraft:bucket":11,"minecraft:diamond_leggings":1,"minecraft:splash_potion":3},"minecraft:crafted":{"minecraft:oak_planks":112,"minecraft:cooked_mutton":8,"minecraft:diamond_helmet":3,"minecraft:diamond_leggings":3,"minecraft:iron_boots":1,"minecraft:chest":4,"minecraft:oak_fence":3,"minecraft:golden_boots":1,"minecraft:cooked_porkchop":32,"minecraft:crafting_table":5,"minecraft:baked_potato":18,"minecraft:iron_helmet":1,"minecraft:birch_planks":56,"minecraft:iron_chestplate":1,"minecraft:diamond_pickaxe":1,"minecraft:shield":4,"minecraft:birch_fence":3,"minecraft:stick":56,"minecraft:iron_ingot":93,"minecraft:compass":1,"minecraft:iron_pickaxe":3,"minecraft:iron_block":3,"minecraft:stone_sword":2,"minecraft:furnace":2,"minecraft:stone_pickaxe":2,"minecraft:diamond_boots":3,"minecraft:lead":2,"minecraft:cooked_beef":4,"minecraft:diamond_sword":3,"minecraft:iron_sword":1,"minecraft:cooked_salmon":9,"minecraft:bucket":3,"minecraft:bread":3,"minecraft:oak_boat":3,"minecraft:wooden_axe":1,"minecraft:iron_leggings":1,"minecraft:anvil":1,"minecraft:torch":52,"minecraft:diamond_chestplate":2},"minecraft:killed_by":{"minecraft:player":1,"minecraft:skeleton":1},"minecraft:broken":{"minecraft:stone_pickaxe":2,"minecraft:stone_sword":2,"minecraft:shield":3,"minecraft:iron_pickaxe":1},"minecraft:picked_up":{"minecraft:iron_chestplate":1,"minecraft:wheat":11,"minecraft:lead":3,"minecraft:diamond_sword":4,"minecraft:potion":3,"minecraft:enchanted_book":3,"minecraft:amethyst_block":13,"minecraft:string":102,"minecraft:raw_copper":42,"minecraft:cooked_salmon":2,"minecraft:iron_leggings":1,"minecraft:pufferfish":1,"minecraft:beetroot":9,"minecraft:diamond_leggings":3,"minecraft:cobbled_deepslate":799,"minecraft:smooth_stone":2,"minecraft:trial_key":20,"minecraft:iron_pickaxe":1,"minecraft:furnace":2,"minecraft:tipped_arrow":25,"minecraft:stick":3,"minecraft:torch":96,"minecraft:porkchop":32,"minecraft:diorite":45,"minecraft:rotten_flesh":75,"minecraft:honey_bottle":5,"minecraft:blaze_rod":1,"minecraft:cod":5,"minecraft:cobblestone":182,"minecraft:birch_log":16,"minecraft:magma_block":1,"minecraft:feather":6,"minecraft:cooked_beef":4,"minecraft:water_bucket":1,"minecraft:andesite":2,"minecraft:potato":19,"minecraft:flint":5,"minecraft:tuff":63,"minecraft:dirt":17,"minecraft:lapis_lazuli":102,"minecraft:name_tag":2,"minecraft:leather_boots":1,"minecraft:bone":220,"minecraft:bow":5,"minecraft:wheat_seeds":56,"minecraft:orange_tulip":1,"minecraft:raw_gold":6,"minecraft:bolt_armor_trim_smithing_template":4,"minecraft:diamond_helmet":3,"minecraft:oak_planks":27,"minecraft:cooked_porkchop":31,"minecraft:sand":44,"minecraft:ink_sac":1,"minecraft:diamond":249,"minecraft:waxed_oxidized_copper_grate":3,"minecraft:breeze_rod":12,"minecraft:crossbow":2,"minecraft:granite":5,"minecraft:bone_meal":2,"minecraft:golden_apple":1,"minecraft:emerald":34,"minecraft:bread":15,"minecraft:oak_sapling":3,"minecraft:netherrack":62,"minecraft:diamond_pickaxe":2,"minecraft:fishing_rod":1,"minecraft:crafting_table":9,"minecraft:splash_potion":2,"minecraft:ominous_bottle":7,"minecraft:chicken":6,"minecraft:leather_leggings":2,"minecraft:shield":15,"minecraft:wind_charge":48,"minecraft:compass":1,"minecraft:cracked_stone_bricks":1,"minecraft:beef":9,"minecraft:oak_boat":3,"minecraft:birch_sapling":1,"minecraft:raw_iron":107,"minecraft:oak_door":1,"minecraft:fire_charge":6,"minecraft:trident":1,"minecraft:carrot":42,"minecraft:redstone":16,"minecraft:tnt":6,"minecraft:arrow":101,"minecraft:diamond_chestplate":5,"minecraft:beetroot_seeds":22,"minecraft:diamond_boots":4,"minecraft:tuff_bricks":9,"minecraft:mutton":6,"minecraft:white_wool":5,"minecraft:oxeye_daisy":3,"minecraft:glow_ink_sac":3,"minecraft:salmon":39,"minecraft:leather":3,"minecraft:birch_planks":17,"minecraft:filled_map":1,"minecraft:oak_log":26,"minecraft:waxed_copper_block":2,"minecraft:golden_boots":3,"minecraft:gunpowder":2,"minecraft:stone_bricks":4,"minecraft:kelp":11,"minecraft:iron_ingot":152,"minecraft:cooked_chicken":4,"minecraft:glass_bottle":10,"minecraft:iron_sword":1,"minecraft:lava_bucket":2,"minecraft:gravel":36,"minecraft:amethyst_shard":16,"minecraft:white_bed":3,"minecraft:spider_eye":15,"minecraft:purple_glazed_terracotta":3,"minecraft:baked_potato":6,"minecraft:chiseled_tuff_bricks":1,"minecraft:coal":58},"minecraft:killed":{"minecraft:cave_spider":44,"minecraft:spider":11,"minecraft:skeleton":40,"minecraft:chicken":5,"minecraft:pig":12,"minecraft:zombie_villager":2,"minecraft:salmon":38,"minecraft:creeper":4,"minecraft:sheep":4,"minecraft:zombie":84,"minecraft:stray":71,"minecraft:glow_squid":1,"minecraft:blaze":2,"minecraft:cow":5,"minecraft:drowned":3,"minecraft:hoglin":2,"minecraft:breeze":7,"minecraft:wither_skeleton":1},"minecraft:mined":{"minecraft:large_amethyst_bud":1,"minecraft:white_bed":3,"minecraft:sculk_vein":10,"minecraft:granite":6,"minecraft:grass_block":8,"minecraft:chiseled_tuff_bricks":1,"minecraft:oxeye_daisy":3,"minecraft:tuff_bricks":22,"minecraft:chiseled_stone_bricks":1,"minecraft:spawner":5,"minecraft:smooth_stone":1,"minecraft:tall_seagrass":5,"minecraft:magma_block":1,"minecraft:sculk_catalyst":3,"minecraft:iron_ore":91,"minecraft:cobbled_deepslate":37,"minecraft:fire":2,"minecraft:polished_tuff":3,"minecraft:deepslate_lapis_ore":11,"minecraft:sculk_shrieker":1,"minecraft:dirt_path":1,"minecraft:small_amethyst_bud":5,"minecraft:deepslate_redstone_ore":2,"minecraft:medium_amethyst_bud":2,"minecraft:amethyst_cluster":4,"minecraft:torch":21,"minecraft:cobblestone":1,"minecraft:oak_planks":4,"minecraft:waxed_chiseled_copper":2,"minecraft:wall_torch":6,"minecraft:amethyst_block":16,"minecraft:seagrass":2,"minecraft:waxed_copper_bulb":2,"minecraft:birch_log":16,"minecraft:wheat":14,"minecraft:waxed_copper_block":8,"minecraft:oak_log":11,"minecraft:beetroots":15,"minecraft:sand":51,"minecraft:dirt":10,"minecraft:dispenser":3,"minecraft:netherrack":84,"minecraft:oak_leaves":12,"minecraft:deepslate":586,"minecraft:purple_glazed_terracotta":3,"minecraft:tuff":66,"minecraft:deepslate_diamond_ore":137,"minecraft:sea_lantern":1,"minecraft:vault":1,"minecraft:waxed_oxidized_cut_copper":1,"minecraft:furnace":2,"minecraft:carrots":17,"minecraft:andesite":1,"minecraft:potatoes":6,"minecraft:shroomlight":1,"minecraft:deepslate_iron_ore":16,"minecraft:stone":118,"minecraft:crafting_table":9,"minecraft:short_grass":21,"minecraft:emerald_ore":3,"minecraft:sculk_sensor":7,"minecraft:copper_ore":4,"minecraft:tall_grass":5,"minecraft:deepslate_gold_ore":4,"minecraft:sculk":736,"minecraft:diorite":45,"minecraft:birch_planks":4,"minecraft:waxed_oxidized_copper_grate":5,"minecraft:birch_leaves":1,"minecraft:coal_ore":39,"minecraft:gravel":41,"minecraft:cracked_stone_bricks":1,"minecraft:stone_bricks":4,"minecraft:deepslate_emerald_ore":1}},"DataVersion":3953}