{"stats":{"minecraft:used":{"minecraft:wheat_seeds":38,"minecraft:cobblestone_stairs":76,"minecraft:iron_shovel":58,"minecraft:stone_pickaxe":262,"minecraft:torch":35,"minecraft:dirt":72,"minecraft:mutton":2,"minecraft:crafting_table":3,"minecraft:azure_bluet":1,"minecraft:diamond_pickaxe":1,"minecraft:cornflower":1,"minecraft:bread":7,"minecraft:iron_pickaxe":242,"minecraft:stone_axe":53,"minecraft:diamond_chestplate":1,"minecraft:diamond_sword":21,"minecraft:cooked_porkchop":11,"minecraft:andesite":49},"minecraft:killed_by":{"minecraft:zombie":1},"minecraft:killed":{"minecraft:zombie_villager":1,"minecraft:sheep":1,"minecraft:zombie":4},"minecraft:mined":{"minecraft:glass_pane":2,"minecraft:crafting_table":2,"minecraft:cornflower":1,"minecraft:short_grass":13,"minecraft:allium":3,"minecraft:grass_block":40,"minecraft:tall_grass":3,"minecraft:lapis_ore":3,"minecraft:oxeye_daisy":1,"minecraft:wall_torch":1,"minecraft:iron_ore":56,"minecraft:fire":2,"minecraft:wheat":40,"minecraft:lilac":2,"minecraft:birch_leaves":1,"minecraft:andesite":49,"minecraft:azure_bluet":1,"minecraft:coal_ore":41,"minecraft:oak_log":52,"minecraft:dirt_path":4,"minecraft:dirt":43,"minecraft:pink_tulip":2,"minecraft:stone":344,"minecraft:oak_leaves":5},"minecraft:picked_up":{"minecraft:wheat":32,"minecraft:crafting_table":2,"minecraft:allium":3,"minecraft:azure_bluet":1,"minecraft:lilac":2,"minecraft:andesite":49,"minecraft:diamond_sword":1,"minecraft:diamond_horse_armor":1,"minecraft:oak_log":52,"minecraft:lapis_lazuli":17,"minecraft:dirt":82,"minecraft:cornflower":1,"minecraft:string":2,"minecraft:bone":1,"minecraft:wheat_seeds":94,"minecraft:diamond_leggings":1,"minecraft:diamond_helmet":1,"minecraft:raw_iron":55,"minecraft:torch":1,"minecraft:dandelion":1,"minecraft:spider_eye":1,"minecraft:rotten_flesh":6,"minecraft:arrow":2,"minecraft:diamond_chestplate":1,"minecraft:diamond":3,"minecraft:pink_tulip":2,"minecraft:mutton":2,"minecraft:coal":40,"minecraft:oxeye_daisy":1,"minecraft:white_wool":1,"minecraft:cobblestone":343},"minecraft:dropped":{"minecraft:arrow":2},"minecraft:custom":{"minecraft:interact_with_smithing_table":1,"minecraft:interact_with_furnace":23,"minecraft:mob_kills":8,"minecraft:interact_with_crafting_table":13,"minecraft:time_since_death":52777,"minecraft:sleep_in_bed":1,"minecraft:time_since_rest":52814,"minecraft:sprint_one_cm":345876,"minecraft:damage_taken":1506,"minecraft:walk_one_cm":300323,"minecraft:drop":2,"minecraft:damage_dealt":1540,"minecraft:fly_one_cm":103231,"minecraft:swim_one_cm":8967,"minecraft:open_chest":15,"minecraft:crouch_one_cm":1696,"minecraft:play_time":71973,"minecraft:deaths":2,"minecraft:sneak_time":477,"minecraft:walk_under_water_one_cm":2730,"minecraft:jump":1046,"minecraft:walk_on_water_one_cm":10416,"minecraft:total_world_time":71973,"minecraft:fall_one_cm":24105,"minecraft:horse_one_cm":6720},"minecraft:crafted":{"minecraft:oak_planks":44,"minecraft:crafting_table":2,"minecraft:cobblestone_stairs":212,"minecraft:stone_axe":1,"minecraft:bread":10,"minecraft:air":0,"minecraft:iron_boots":1,"minecraft:diamond_pickaxe":1,"minecraft:stick":28,"minecraft:iron_ingot":18,"minecraft:iron_pickaxe":2,"minecraft:stone_pickaxe":2,"minecraft:iron_leggings":1,"minecraft:iron_shovel":1,"minecraft:torch":56},"minecraft:broken":{"minecraft:stone_pickaxe":2}},"DataVersion":3953}