{"stats":{"minecraft:used":{"minecraft:wheat_seeds":38,"minecraft:iron_shovel":34,"minecraft:stone_pickaxe":232,"minecraft:torch":1,"minecraft:dirt":21,"minecraft:mutton":2,"minecraft:crafting_table":2,"minecraft:azure_bluet":1,"minecraft:cornflower":1,"minecraft:bread":7,"minecraft:iron_pickaxe":62,"minecraft:stone_axe":3,"minecraft:diamond_chestplate":1,"minecraft:diamond_sword":5,"minecraft:cooked_porkchop":7,"minecraft:andesite":2},"minecraft:killed_by":{"minecraft:zombie":1},"minecraft:killed":{"minecraft:sheep":1,"minecraft:zombie":1},"minecraft:mined":{"minecraft:glass_pane":2,"minecraft:crafting_table":1,"minecraft:cornflower":1,"minecraft:short_grass":10,"minecraft:allium":3,"minecraft:grass_block":16,"minecraft:tall_grass":1,"minecraft:oxeye_daisy":1,"minecraft:wall_torch":1,"minecraft:fire":2,"minecraft:wheat":40,"minecraft:birch_leaves":1,"minecraft:andesite":27,"minecraft:azure_bluet":1,"minecraft:oak_log":11,"minecraft:dirt_path":4,"minecraft:dirt":38,"minecraft:pink_tulip":2,"minecraft:stone":257,"minecraft:oak_leaves":2},"minecraft:picked_up":{"minecraft:wheat":32,"minecraft:crafting_table":1,"minecraft:allium":3,"minecraft:azure_bluet":1,"minecraft:andesite":27,"minecraft:diamond_sword":1,"minecraft:diamond_horse_armor":1,"minecraft:oak_log":11,"minecraft:dirt":54,"minecraft:cornflower":1,"minecraft:string":2,"minecraft:bone":1,"minecraft:wheat_seeds":93,"minecraft:diamond_leggings":1,"minecraft:diamond_helmet":1,"minecraft:torch":1,"minecraft:spider_eye":1,"minecraft:arrow":2,"minecraft:diamond_chestplate":1,"minecraft:diamond":3,"minecraft:pink_tulip":2,"minecraft:mutton":2,"minecraft:oxeye_daisy":1,"minecraft:white_wool":1,"minecraft:cobblestone":257},"minecraft:dropped":{"minecraft:arrow":2},"minecraft:custom":{"minecraft:interact_with_smithing_table":1,"minecraft:interact_with_furnace":23,"minecraft:mob_kills":2,"minecraft:interact_with_crafting_table":8,"minecraft:time_since_death":28777,"minecraft:sleep_in_bed":1,"minecraft:time_since_rest":28814,"minecraft:sprint_one_cm":247209,"minecraft:damage_taken":1273,"minecraft:walk_one_cm":196993,"minecraft:drop":2,"minecraft:damage_dealt":601,"minecraft:fly_one_cm":81373,"minecraft:swim_one_cm":7088,"minecraft:open_chest":12,"minecraft:crouch_one_cm":1656,"minecraft:play_time":47973,"minecraft:deaths":2,"minecraft:sneak_time":450,"minecraft:walk_under_water_one_cm":1072,"minecraft:jump":762,"minecraft:walk_on_water_one_cm":6325,"minecraft:total_world_time":47973,"minecraft:fall_one_cm":20930,"minecraft:horse_one_cm":6720},"minecraft:crafted":{"minecraft:oak_planks":44,"minecraft:crafting_table":2,"minecraft:stone_axe":1,"minecraft:bread":10,"minecraft:air":0,"minecraft:iron_boots":1,"minecraft:stick":12,"minecraft:iron_ingot":18,"minecraft:iron_pickaxe":2,"minecraft:stone_pickaxe":2,"minecraft:iron_leggings":1,"minecraft:iron_shovel":1},"minecraft:broken":{"minecraft:stone_pickaxe":1}},"DataVersion":3953}