{"stats":{"minecraft:used":{"minecraft:cooked_mutton":2,"minecraft:stone_sword":46,"minecraft:white_tulip":1,"minecraft:stone_pickaxe":176,"minecraft:oak_planks":9,"minecraft:chest":1,"minecraft:shield":4,"minecraft:wooden_pickaxe":16,"minecraft:rotten_flesh":7,"minecraft:iron_chestplate":1,"minecraft:torch":99,"minecraft:dirt":7,"minecraft:crafting_table":5,"minecraft:white_bed":1,"minecraft:tuff":33,"minecraft:granite":2,"minecraft:diamond_pickaxe":510,"minecraft:string":1,"minecraft:iron_helmet":2,"minecraft:iron_boots":2,"minecraft:gravel":10,"minecraft:stone_axe":16,"minecraft:diamond_sword":16,"minecraft:light_gray_wool":2,"minecraft:diamond_chestplate":2,"minecraft:bow":2,"minecraft:cobblestone":36,"minecraft:furnace":5,"minecraft:cooked_porkchop":9,"minecraft:andesite":4,"minecraft:oak_boat":1,"minecraft:cooked_beef":1,"minecraft:cobbled_deepslate":395,"minecraft:iron_leggings":2},"minecraft:killed_by":{"minecraft:player":1,"minecraft:skeleton":1},"minecraft:killed":{"minecraft:creeper":1,"minecraft:sheep":6,"minecraft:zombie":11,"minecraft:cow":1},"minecraft:mined":{"minecraft:deepslate_redstone_ore":1,"minecraft:tuff":30,"minecraft:deepslate_diamond_ore":12,"minecraft:cherry_log":13,"minecraft:sculk_vein":5,"minecraft:crafting_table":3,"minecraft:torch":3,"minecraft:granite":2,"minecraft:short_grass":3,"minecraft:grass_block":1,"minecraft:sculk_sensor":6,"minecraft:cobblestone":2,"minecraft:deepslate_gold_ore":15,"minecraft:oak_planks":1,"minecraft:sculk":179,"minecraft:wall_torch":2,"minecraft:sculk_catalyst":7,"minecraft:furnace":3,"minecraft:iron_ore":31,"minecraft:cobbled_deepslate":16,"minecraft:andesite":2,"minecraft:coal_ore":75,"minecraft:oak_log":10,"minecraft:gravel":11,"minecraft:dirt":6,"minecraft:white_tulip":1,"minecraft:stone":78,"minecraft:oak_leaves":4,"minecraft:deepslate":413,"minecraft:tripwire":1},"minecraft:picked_up":{"minecraft:crafting_table":3,"minecraft:iron_chestplate":1,"minecraft:andesite":4,"minecraft:diamond_sword":1,"minecraft:tuff":33,"minecraft:oak_log":10,"minecraft:shield":1,"minecraft:gunpowder":1,"minecraft:dirt":7,"minecraft:string":2,"minecraft:iron_leggings":1,"minecraft:bow":1,"minecraft:cobbled_deepslate":1206,"minecraft:raw_gold":15,"minecraft:beef":1,"minecraft:white_tulip":1,"minecraft:light_gray_wool":2,"minecraft:oak_planks":24,"minecraft:iron_boots":2,"minecraft:furnace":3,"minecraft:raw_iron":32,"minecraft:cooked_porkchop":40,"minecraft:torch":144,"minecraft:gravel":10,"minecraft:cherry_log":13,"minecraft:redstone":4,"minecraft:spectral_arrow":1,"minecraft:leather_helmet":1,"minecraft:stone_sword":1,"minecraft:arrow":5,"minecraft:diamond_chestplate":3,"minecraft:rotten_flesh":10,"minecraft:diamond":25,"minecraft:stone_axe":1,"minecraft:iron_helmet":2,"minecraft:granite":2,"minecraft:coal":75,"minecraft:mutton":9,"minecraft:white_wool":8,"minecraft:cobblestone":128,"minecraft:diamond_pickaxe":8},"minecraft:dropped":{"minecraft:stone_sword":1,"minecraft:cobbled_deepslate":318,"minecraft:diamond":11,"minecraft:cooked_porkchop":31,"minecraft:cobblestone":17,"minecraft:rotten_flesh":1,"minecraft:torch":78,"minecraft:diamond_pickaxe":2,"minecraft:arrow":4,"minecraft:wooden_pickaxe":1,"minecraft:string":1},"minecraft:custom":{"minecraft:interact_with_furnace":42,"minecraft:mob_kills":19,"minecraft:interact_with_crafting_table":16,"minecraft:leave_game":4,"minecraft:time_since_death":36651,"minecraft:sleep_in_bed":2,"minecraft:time_since_rest":36685,"minecraft:sprint_one_cm":172258,"minecraft:damage_taken":1640,"minecraft:walk_one_cm":372250,"minecraft:damage_blocked_by_shield":210,"minecraft:trigger_trapped_chest":11,"minecraft:drop":99,"minecraft:damage_dealt":3012,"minecraft:swim_one_cm":1256,"minecraft:fly_one_cm":183324,"minecraft:open_chest":6,"minecraft:crouch_one_cm":90591,"minecraft:play_time":131638,"minecraft:deaths":3,"minecraft:sneak_time":20513,"minecraft:walk_under_water_one_cm":15022,"minecraft:boat_one_cm":11234,"minecraft:jump":2005,"minecraft:walk_on_water_one_cm":13252,"minecraft:total_world_time":131638,"minecraft:fall_one_cm":50619},"minecraft:crafted":{"minecraft:cooked_beef":1,"minecraft:cherry_planks":12,"minecraft:oak_planks":40,"minecraft:crafting_table":2,"minecraft:iron_helmet":1,"minecraft:wooden_pickaxe":1,"minecraft:furnace":2,"minecraft:stone_axe":1,"minecraft:cooked_mutton":8,"minecraft:oak_boat":1,"minecraft:iron_chestplate":1,"minecraft:iron_boots":1,"minecraft:shield":1,"minecraft:stick":68,"minecraft:iron_ingot":31,"minecraft:stone_pickaxe":2,"minecraft:stone_sword":1,"minecraft:chest":1,"minecraft:iron_leggings":1,"minecraft:white_bed":1,"minecraft:torch":212},"minecraft:broken":{"minecraft:stone_pickaxe":1,"minecraft:diamond_pickaxe":1}},"DataVersion":3953}