{"stats":{"minecraft:used":{"minecraft:stone_sword":46,"minecraft:white_tulip":1,"minecraft:chest":1,"minecraft:shield":24,"minecraft:rotten_flesh":7,"minecraft:iron_chestplate":1,"minecraft:torch":112,"minecraft:dirt":37,"minecraft:tuff":33,"minecraft:granite":13,"minecraft:iron_helmet":2,"minecraft:iron_boots":2,"minecraft:stone_bricks":1,"minecraft:diamond_chestplate":2,"minecraft:light_gray_wool":2,"minecraft:bow":2,"minecraft:oak_sapling":1,"minecraft:furnace":6,"minecraft:cooked_beef":1,"minecraft:cobbled_deepslate":434,"minecraft:iron_leggings":2,"minecraft:cooked_mutton":2,"minecraft:water_bucket":3,"minecraft:mossy_stone_bricks":3,"minecraft:stone_pickaxe":176,"minecraft:oak_planks":9,"minecraft:wooden_pickaxe":16,"minecraft:cracked_stone_bricks":4,"minecraft:crafting_table":6,"minecraft:white_bed":1,"minecraft:diamond_pickaxe":771,"minecraft:string":1,"minecraft:gravel":13,"minecraft:stone_axe":16,"minecraft:chiseled_stone_bricks":12,"minecraft:diamond_sword":73,"minecraft:cobblestone":104,"minecraft:cooked_porkchop":19,"minecraft:bucket":5,"minecraft:andesite":4,"minecraft:oak_boat":1,"minecraft:tropical_fish_bucket":1},"minecraft:killed_by":{"minecraft:player":1,"minecraft:skeleton":1},"minecraft:killed":{"minecraft:spider":1,"minecraft:skeleton":3,"minecraft:pig":5,"minecraft:zombie_villager":1,"minecraft:creeper":2,"minecraft:sheep":6,"minecraft:zombie":16,"minecraft:cow":5},"minecraft:mined":{"minecraft:tuff":30,"minecraft:deepslate_diamond_ore":12,"minecraft:cherry_log":13,"minecraft:sculk_vein":5,"minecraft:granite":13,"minecraft:grass_block":4,"minecraft:jungle_log":5,"minecraft:chiseled_stone_bricks":12,"minecraft:sculk_catalyst":7,"minecraft:furnace":3,"minecraft:cobbled_deepslate":16,"minecraft:iron_ore":55,"minecraft:andesite":2,"minecraft:vine":2,"minecraft:stone":228,"minecraft:white_tulip":1,"minecraft:tripwire":1,"minecraft:deepslate_redstone_ore":1,"minecraft:crafting_table":3,"minecraft:torch":4,"minecraft:short_grass":5,"minecraft:sculk_sensor":6,"minecraft:tall_grass":4,"minecraft:cobblestone":4,"minecraft:deepslate_gold_ore":15,"minecraft:oak_planks":1,"minecraft:sculk":179,"minecraft:wall_torch":5,"minecraft:oak_log":10,"minecraft:coal_ore":121,"minecraft:gravel":14,"minecraft:dirt":33,"minecraft:cracked_stone_bricks":4,"minecraft:stone_bricks":1,"minecraft:gold_ore":4,"minecraft:mossy_stone_bricks":3,"minecraft:oak_leaves":9,"minecraft:deepslate":413},"minecraft:picked_up":{"minecraft:crafting_table":3,"minecraft:iron_chestplate":1,"minecraft:diamond_sword":1,"minecraft:shield":1,"minecraft:string":3,"minecraft:iron_leggings":1,"minecraft:cracked_stone_bricks":4,"minecraft:cobbled_deepslate":1206,"minecraft:beef":9,"minecraft:white_tulip":1,"minecraft:light_gray_wool":2,"minecraft:iron_boots":2,"minecraft:furnace":3,"minecraft:raw_iron":56,"minecraft:torch":148,"minecraft:porkchop":9,"minecraft:cherry_log":13,"minecraft:redstone":4,"minecraft:stone_sword":1,"minecraft:arrow":8,"minecraft:diamond_chestplate":3,"minecraft:rotten_flesh":16,"minecraft:mutton":9,"minecraft:white_wool":8,"minecraft:cobblestone":285,"minecraft:jungle_log":5,"minecraft:andesite":4,"minecraft:leather":3,"minecraft:tuff":33,"minecraft:oak_log":10,"minecraft:gunpowder":3,"minecraft:dirt":53,"minecraft:bone":4,"minecraft:apple":1,"minecraft:stone_bricks":1,"minecraft:bow":2,"minecraft:wheat_seeds":1,"minecraft:raw_gold":19,"minecraft:mossy_stone_bricks":3,"minecraft:oak_planks":24,"minecraft:cooked_porkchop":40,"minecraft:chiseled_stone_bricks":12,"minecraft:gravel":13,"minecraft:spectral_arrow":1,"minecraft:leather_helmet":1,"minecraft:diamond":25,"minecraft:stone_axe":1,"minecraft:iron_helmet":2,"minecraft:granite":13,"minecraft:oak_sapling":1,"minecraft:coal":121,"minecraft:diamond_pickaxe":8},"minecraft:dropped":{"minecraft:wheat_seeds":1,"minecraft:diamond":11,"minecraft:cooked_porkchop":31,"minecraft:cobblestone":17,"minecraft:leather":3,"minecraft:dirt":16,"minecraft:torch":78,"minecraft:string":1,"minecraft:stone_sword":1,"minecraft:cobbled_deepslate":318,"minecraft:rotten_flesh":9,"minecraft:gunpowder":3,"minecraft:diamond_pickaxe":2,"minecraft:bow":1,"minecraft:arrow":4,"minecraft:wooden_pickaxe":1},"minecraft:custom":{"minecraft:mob_kills":39,"minecraft:interact_with_crafting_table":18,"minecraft:leave_game":4,"minecraft:time_since_death":72628,"minecraft:climb_one_cm":365,"minecraft:sprint_one_cm":225007,"minecraft:walk_one_cm":456367,"minecraft:damage_blocked_by_shield":1314,"minecraft:drop":124,"minecraft:play_time":167615,"minecraft:deaths":3,"minecraft:sneak_time":21208,"minecraft:walk_under_water_one_cm":19962,"minecraft:boat_one_cm":11234,"minecraft:jump":2679,"minecraft:walk_on_water_one_cm":17121,"minecraft:total_world_time":167615,"minecraft:interact_with_furnace":54,"minecraft:sleep_in_bed":2,"minecraft:time_since_rest":72662,"minecraft:damage_taken":2455,"minecraft:trigger_trapped_chest":11,"minecraft:damage_dealt":6262,"minecraft:swim_one_cm":16738,"minecraft:fly_one_cm":249508,"minecraft:open_chest":8,"minecraft:crouch_one_cm":93165,"minecraft:fall_one_cm":67741},"minecraft:crafted":{"minecraft:cherry_planks":12,"minecraft:oak_planks":40,"minecraft:furnace":3,"minecraft:cooked_mutton":8,"minecraft:iron_boots":1,"minecraft:stone_pickaxe":2,"minecraft:chest":1,"minecraft:cooked_beef":2,"minecraft:cooked_porkchop":9,"minecraft:crafting_table":3,"minecraft:wooden_pickaxe":1,"minecraft:iron_helmet":1,"minecraft:bucket":1,"minecraft:stone_axe":1,"minecraft:jungle_planks":20,"minecraft:oak_boat":1,"minecraft:iron_chestplate":1,"minecraft:shield":1,"minecraft:stick":84,"minecraft:iron_ingot":50,"minecraft:stone_sword":1,"minecraft:gold_ingot":4,"minecraft:iron_leggings":1,"minecraft:white_bed":1,"minecraft:torch":276},"minecraft:broken":{"minecraft:stone_pickaxe":1,"minecraft:diamond_pickaxe":1}},"DataVersion":3953}