{"stats":{"minecraft:used":{"minecraft:cooked_mutton":2,"minecraft:stone_sword":46,"minecraft:white_tulip":1,"minecraft:stone_pickaxe":176,"minecraft:oak_planks":9,"minecraft:chest":1,"minecraft:shield":5,"minecraft:wooden_pickaxe":16,"minecraft:rotten_flesh":7,"minecraft:iron_chestplate":1,"minecraft:torch":106,"minecraft:dirt":30,"minecraft:crafting_table":5,"minecraft:white_bed":1,"minecraft:tuff":33,"minecraft:granite":9,"minecraft:diamond_pickaxe":679,"minecraft:string":1,"minecraft:iron_helmet":2,"minecraft:iron_boots":2,"minecraft:gravel":12,"minecraft:diamond_sword":29,"minecraft:stone_axe":16,"minecraft:light_gray_wool":2,"minecraft:diamond_chestplate":2,"minecraft:bow":2,"minecraft:cobblestone":64,"minecraft:furnace":5,"minecraft:cooked_porkchop":10,"minecraft:andesite":4,"minecraft:oak_boat":1,"minecraft:cooked_beef":1,"minecraft:cobbled_deepslate":434,"minecraft:iron_leggings":2},"minecraft:killed_by":{"minecraft:player":1,"minecraft:skeleton":1},"minecraft:killed":{"minecraft:pig":5,"minecraft:creeper":1,"minecraft:sheep":6,"minecraft:zombie":12,"minecraft:cow":5},"minecraft:mined":{"minecraft:deepslate_redstone_ore":1,"minecraft:tuff":30,"minecraft:deepslate_diamond_ore":12,"minecraft:sculk_vein":5,"minecraft:cherry_log":13,"minecraft:crafting_table":3,"minecraft:torch":4,"minecraft:granite":9,"minecraft:short_grass":3,"minecraft:grass_block":2,"minecraft:sculk_sensor":6,"minecraft:tall_grass":4,"minecraft:cobblestone":2,"minecraft:deepslate_gold_ore":15,"minecraft:oak_planks":1,"minecraft:sculk":179,"minecraft:wall_torch":5,"minecraft:sculk_catalyst":7,"minecraft:furnace":3,"minecraft:iron_ore":34,"minecraft:cobbled_deepslate":16,"minecraft:andesite":2,"minecraft:coal_ore":92,"minecraft:oak_log":10,"minecraft:gravel":13,"minecraft:dirt":28,"minecraft:white_tulip":1,"minecraft:stone":217,"minecraft:oak_leaves":4,"minecraft:deepslate":413,"minecraft:tripwire":1},"minecraft:picked_up":{"minecraft:iron_chestplate":1,"minecraft:crafting_table":3,"minecraft:andesite":4,"minecraft:leather":3,"minecraft:diamond_sword":1,"minecraft:tuff":33,"minecraft:oak_log":10,"minecraft:shield":1,"minecraft:gunpowder":1,"minecraft:string":2,"minecraft:dirt":46,"minecraft:iron_leggings":1,"minecraft:bow":1,"minecraft:wheat_seeds":1,"minecraft:cobbled_deepslate":1206,"minecraft:raw_gold":15,"minecraft:beef":9,"minecraft:white_tulip":1,"minecraft:light_gray_wool":2,"minecraft:oak_planks":24,"minecraft:iron_boots":2,"minecraft:furnace":3,"minecraft:raw_iron":35,"minecraft:cooked_porkchop":40,"minecraft:torch":148,"minecraft:porkchop":9,"minecraft:gravel":12,"minecraft:cherry_log":13,"minecraft:redstone":4,"minecraft:spectral_arrow":1,"minecraft:leather_helmet":1,"minecraft:stone_sword":1,"minecraft:arrow":5,"minecraft:rotten_flesh":10,"minecraft:diamond_chestplate":3,"minecraft:diamond":25,"minecraft:stone_axe":1,"minecraft:iron_helmet":2,"minecraft:granite":9,"minecraft:coal":92,"minecraft:mutton":9,"minecraft:white_wool":8,"minecraft:cobblestone":267,"minecraft:diamond_pickaxe":8},"minecraft:dropped":{"minecraft:wheat_seeds":1,"minecraft:stone_sword":1,"minecraft:cobbled_deepslate":318,"minecraft:diamond":11,"minecraft:cooked_porkchop":31,"minecraft:cobblestone":17,"minecraft:rotten_flesh":1,"minecraft:dirt":16,"minecraft:torch":78,"minecraft:diamond_pickaxe":2,"minecraft:arrow":4,"minecraft:wooden_pickaxe":1,"minecraft:string":1},"minecraft:custom":{"minecraft:interact_with_furnace":42,"minecraft:mob_kills":29,"minecraft:interact_with_crafting_table":16,"minecraft:leave_game":4,"minecraft:time_since_death":48628,"minecraft:sleep_in_bed":2,"minecraft:time_since_rest":48662,"minecraft:sprint_one_cm":194739,"minecraft:damage_taken":1667,"minecraft:walk_one_cm":390749,"minecraft:damage_blocked_by_shield":249,"minecraft:trigger_trapped_chest":11,"minecraft:drop":116,"minecraft:damage_dealt":4217,"minecraft:swim_one_cm":9297,"minecraft:fly_one_cm":213453,"minecraft:open_chest":6,"minecraft:crouch_one_cm":90686,"minecraft:play_time":143615,"minecraft:deaths":3,"minecraft:sneak_time":20573,"minecraft:walk_under_water_one_cm":15899,"minecraft:boat_one_cm":11234,"minecraft:jump":2293,"minecraft:walk_on_water_one_cm":13445,"minecraft:total_world_time":143615,"minecraft:fall_one_cm":55565},"minecraft:crafted":{"minecraft:cooked_beef":1,"minecraft:cherry_planks":12,"minecraft:oak_planks":40,"minecraft:crafting_table":2,"minecraft:iron_helmet":1,"minecraft:wooden_pickaxe":1,"minecraft:furnace":2,"minecraft:stone_axe":1,"minecraft:cooked_mutton":8,"minecraft:oak_boat":1,"minecraft:iron_chestplate":1,"minecraft:iron_boots":1,"minecraft:shield":1,"minecraft:stick":68,"minecraft:iron_ingot":31,"minecraft:stone_pickaxe":2,"minecraft:stone_sword":1,"minecraft:chest":1,"minecraft:iron_leggings":1,"minecraft:white_bed":1,"minecraft:torch":212},"minecraft:broken":{"minecraft:stone_pickaxe":1,"minecraft:diamond_pickaxe":1}},"DataVersion":3953}