{"stats":{"minecraft:crafted":{"minecraft:cherry_planks":144,"minecraft:oak_door":3,"minecraft:magenta_wool":3,"minecraft:oak_planks":112,"minecraft:cooked_chicken":3,"minecraft:furnace":2,"minecraft:stone":128,"minecraft:bone_meal":9,"minecraft:cooked_mutton":4,"minecraft:iron_boots":1,"minecraft:stone_pickaxe":3,"minecraft:chest":1,"minecraft:magenta_dye":8,"minecraft:stone_bricks":128,"minecraft:magenta_bed":1,"minecraft:diamond_sword":1,"minecraft:emerald":2,"minecraft:cooked_porkchop":15,"minecraft:diamond_axe":1,"minecraft:crafting_table":4,"minecraft:iron_sword":1,"minecraft:stone_axe":1,"minecraft:bread":2,"minecraft:air":0,"minecraft:iron_chestplate":1,"minecraft:charcoal":5,"minecraft:diamond_pickaxe":1,"minecraft:shield":1,"minecraft:stick":100,"minecraft:iron_ingot":47,"minecraft:stone_sword":1,"minecraft:torch":24,"minecraft:diamond_chestplate":1},"minecraft:picked_up":{"minecraft:lingering_potion":1,"minecraft:wheat":5,"minecraft:crafting_table":3,"minecraft:allium":8,"minecraft:azure_bluet":1,"minecraft:chicken":3,"minecraft:anvil":1,"minecraft:smithing_table":1,"minecraft:cornflower":1,"minecraft:string":2,"minecraft:raw_copper":21,"minecraft:iron_axe":1,"minecraft:iron_leggings":1,"minecraft:iron_shovel":1,"minecraft:beetroot":6,"minecraft:diamond_leggings":1,"minecraft:cobbled_deepslate":22,"minecraft:bucket":3,"minecraft:beef":9,"minecraft:white_tulip":8,"minecraft:rose_bush":1,"minecraft:iron_pickaxe":1,"minecraft:furnace":3,"minecraft:stick":33,"minecraft:raw_iron":60,"minecraft:torch":5,"minecraft:porkchop":17,"minecraft:cherry_log":101,"minecraft:diorite":8,"minecraft:carrot":3,"minecraft:redstone":37,"minecraft:diamond_chestplate":1,"minecraft:arrow":12,"minecraft:rotten_flesh":12,"minecraft:beetroot_seeds":15,"minecraft:red_tulip":1,"minecraft:pink_tulip":13,"minecraft:mutton":13,"minecraft:white_wool":5,"minecraft:cobblestone":293,"minecraft:oxeye_daisy":24,"minecraft:pink_petals":155,"minecraft:cherry_planks":4,"minecraft:andesite":31,"minecraft:leather":4,"minecraft:oak_log":35,"minecraft:cherry_fence":12,"minecraft:magenta_bed":4,"minecraft:lapis_lazuli":34,"minecraft:dirt":323,"minecraft:bone":3,"minecraft:apple":1,"minecraft:stone_bricks":8,"minecraft:bow":1,"minecraft:orange_tulip":2,"minecraft:wheat_seeds":52,"minecraft:raw_gold":2,"minecraft:cooked_chicken":4,"minecraft:diamond_helmet":1,"minecraft:oak_planks":3,"minecraft:cooked_porkchop":4,"minecraft:gravel":30,"minecraft:spider_eye":2,"minecraft:diamond":18,"minecraft:iron_helmet":1,"minecraft:granite":28,"minecraft:cherry_sapling":40,"minecraft:bread":8,"minecraft:oak_sapling":5,"minecraft:coal":85},"minecraft:mined":{"minecraft:deepslate_diamond_ore":13,"minecraft:cherry_log":100,"minecraft:cherry_sapling":2,"minecraft:granite":37,"minecraft:allium":9,"minecraft:grass_block":34,"minecraft:oxeye_daisy":27,"minecraft:furnace":3,"minecraft:iron_ore":49,"minecraft:andesite":32,"minecraft:anvil":1,"minecraft:azure_bluet":1,"minecraft:red_tulip":1,"minecraft:deepslate_iron_ore":11,"minecraft:pink_tulip":10,"minecraft:stone":211,"minecraft:white_tulip":9,"minecraft:smithing_table":1,"minecraft:deepslate_redstone_ore":9,"minecraft:cherry_planks":4,"minecraft:dandelion":1,"minecraft:crafting_table":3,"minecraft:cornflower":1,"minecraft:torch":2,"minecraft:short_grass":123,"minecraft:copper_ore":4,"minecraft:tall_grass":70,"minecraft:cobblestone":17,"minecraft:lapis_ore":5,"minecraft:oak_planks":3,"minecraft:diorite":8,"minecraft:wall_torch":1,"minecraft:deepslate_copper_ore":1,"minecraft:pink_petals":71,"minecraft:cherry_fence":12,"minecraft:wheat":6,"minecraft:magenta_bed":4,"minecraft:orange_tulip":1,"minecraft:oak_log":35,"minecraft:coal_ore":81,"minecraft:beetroots":8,"minecraft:cherry_leaves":75,"minecraft:dirt":37,"minecraft:stone_bricks":8,"minecraft:gold_ore":1,"minecraft:oak_leaves":21,"minecraft:deepslate":19},"minecraft:killed":{"minecraft:spider":2,"minecraft:skeleton":3,"minecraft:pig":7,"minecraft:sheep":7,"minecraft:zombie":5,"minecraft:cow":2},"minecraft:custom":{"minecraft:interact_with_smithing_table":1,"minecraft:mob_kills":26,"minecraft:interact_with_crafting_table":45,"minecraft:leave_game":6,"minecraft:time_since_death":247812,"minecraft:sprint_one_cm":482940,"minecraft:walk_one_cm":843241,"minecraft:damage_blocked_by_shield":1484,"minecraft:drop":84,"minecraft:talked_to_villager":4,"minecraft:play_time":247812,"minecraft:sneak_time":9008,"minecraft:walk_under_water_one_cm":6353,"minecraft:jump":3535,"minecraft:walk_on_water_one_cm":19739,"minecraft:total_world_time":247812,"minecraft:interact_with_furnace":61,"minecraft:traded_with_villager":2,"minecraft:sleep_in_bed":5,"minecraft:time_since_rest":17576,"minecraft:damage_taken":1626,"minecraft:damage_dealt":3206,"minecraft:swim_one_cm":34828,"minecraft:fly_one_cm":319215,"minecraft:open_chest":41,"minecraft:crouch_one_cm":39367,"minecraft:fall_one_cm":66254,"minecraft:horse_one_cm":10723},"minecraft:dropped":{"minecraft:water_bucket":3,"minecraft:wheat_seeds":35,"minecraft:cooked_porkchop":5,"minecraft:orange_tulip":2,"minecraft:cobblestone":19,"minecraft:leather":4,"minecraft:granite":28,"minecraft:stick":1,"minecraft:dirt":2,"minecraft:diorite":8,"minecraft:mutton":1,"minecraft:string":2,"minecraft:oak_door":2,"minecraft:gravel":30,"minecraft:cooked_chicken":6,"minecraft:stone_sword":1,"minecraft:cherry_sapling":2,"minecraft:rotten_flesh":12,"minecraft:oak_planks":20,"minecraft:cooked_mutton":1,"minecraft:azure_bluet":1,"minecraft:andesite":31,"minecraft:oak_sapling":4,"minecraft:spider_eye":2,"minecraft:arrow":12,"minecraft:bow":1,"minecraft:stone_pickaxe":1,"minecraft:raw_gold":1,"minecraft:red_tulip":1},"minecraft:used":{"minecraft:beetroot":6,"minecraft:cherry_sapling":3,"minecraft:stone_sword":19,"minecraft:white_tulip":1,"minecraft:chest":1,"minecraft:shield":32,"minecraft:iron_sword":207,"minecraft:cooked_chicken":1,"minecraft:oak_door":1,"minecraft:torch":25,"minecraft:dirt":308,"minecraft:anvil":1,"minecraft:mutton":2,"minecraft:carrot":3,"minecraft:stone_bricks":136,"minecraft:beef":9,"minecraft:furnace":5,"minecraft:cherry_log":1,"minecraft:cooked_mutton":3,"minecraft:stone_pickaxe":341,"minecraft:oak_planks":10,"minecraft:cherry_planks":7,"minecraft:diamond_axe":94,"minecraft:crafting_table":6,"minecraft:magenta_bed":5,"minecraft:lingering_potion":1,"minecraft:oak_log":1,"minecraft:diamond_pickaxe":12,"minecraft:cornflower":1,"minecraft:apple":1,"minecraft:oxeye_daisy":2,"minecraft:bread":10,"minecraft:iron_pickaxe":174,"minecraft:stone_axe":157,"minecraft:pink_petals":42,"minecraft:diamond_sword":19,"minecraft:cobblestone":153,"minecraft:porkchop":1,"minecraft:cooked_porkchop":14,"minecraft:bucket":3,"minecraft:bone_meal":9},"minecraft:broken":{"minecraft:stone_pickaxe":2,"minecraft:stone_axe":1}},"DataVersion":3953}