{"stats":{"minecraft:picked_up":{"minecraft:lingering_potion":1,"minecraft:crafting_table":2,"minecraft:azure_bluet":1,"minecraft:allium":8,"minecraft:chicken":3,"minecraft:smithing_table":1,"minecraft:cornflower":1,"minecraft:string":2,"minecraft:raw_copper":21,"minecraft:iron_leggings":1,"minecraft:cobbled_deepslate":22,"minecraft:beef":9,"minecraft:white_tulip":8,"minecraft:rose_bush":1,"minecraft:iron_pickaxe":1,"minecraft:furnace":3,"minecraft:stick":23,"minecraft:raw_iron":60,"minecraft:torch":1,"minecraft:porkchop":17,"minecraft:cherry_log":50,"minecraft:diorite":8,"minecraft:carrot":3,"minecraft:redstone":37,"minecraft:arrow":12,"minecraft:rotten_flesh":12,"minecraft:red_tulip":1,"minecraft:pink_tulip":13,"minecraft:mutton":13,"minecraft:white_wool":5,"minecraft:cobblestone":291,"minecraft:oxeye_daisy":24,"minecraft:pink_petals":111,"minecraft:cherry_planks":4,"minecraft:andesite":31,"minecraft:leather":4,"minecraft:oak_log":35,"minecraft:magenta_bed":4,"minecraft:lapis_lazuli":34,"minecraft:dirt":309,"minecraft:bone":3,"minecraft:apple":1,"minecraft:bow":1,"minecraft:orange_tulip":2,"minecraft:wheat_seeds":35,"minecraft:raw_gold":1,"minecraft:cooked_chicken":4,"minecraft:oak_planks":3,"minecraft:cooked_porkchop":4,"minecraft:gravel":30,"minecraft:spider_eye":2,"minecraft:diamond":18,"minecraft:iron_helmet":1,"minecraft:granite":28,"minecraft:cherry_sapling":11,"minecraft:bread":1,"minecraft:oak_sapling":3,"minecraft:coal":85},"minecraft:broken":{"minecraft:stone_pickaxe":2,"minecraft:stone_axe":1},"minecraft:custom":{"minecraft:interact_with_smithing_table":1,"minecraft:mob_kills":26,"minecraft:interact_with_crafting_table":27,"minecraft:leave_game":5,"minecraft:time_since_death":183153,"minecraft:sprint_one_cm":356887,"minecraft:walk_one_cm":622365,"minecraft:damage_blocked_by_shield":559,"minecraft:drop":75,"minecraft:talked_to_villager":3,"minecraft:play_time":183153,"minecraft:sneak_time":8508,"minecraft:walk_under_water_one_cm":6252,"minecraft:jump":2878,"minecraft:walk_on_water_one_cm":17882,"minecraft:total_world_time":183153,"minecraft:interact_with_furnace":36,"minecraft:traded_with_villager":2,"minecraft:sleep_in_bed":4,"minecraft:time_since_rest":45047,"minecraft:damage_taken":1145,"minecraft:damage_dealt":3123,"minecraft:swim_one_cm":34266,"minecraft:fly_one_cm":247567,"minecraft:open_chest":13,"minecraft:crouch_one_cm":37595,"minecraft:fall_one_cm":52401},"minecraft:killed":{"minecraft:spider":2,"minecraft:skeleton":3,"minecraft:pig":7,"minecraft:sheep":7,"minecraft:zombie":5,"minecraft:cow":2},"minecraft:used":{"minecraft:cherry_sapling":2,"minecraft:stone_sword":19,"minecraft:white_tulip":1,"minecraft:shield":18,"minecraft:iron_sword":207,"minecraft:cooked_chicken":1,"minecraft:oak_door":1,"minecraft:torch":25,"minecraft:dirt":300,"minecraft:mutton":2,"minecraft:carrot":3,"minecraft:beef":3,"minecraft:furnace":5,"minecraft:cherry_log":1,"minecraft:cooked_mutton":3,"minecraft:stone_pickaxe":341,"minecraft:oak_planks":10,"minecraft:cherry_planks":4,"minecraft:diamond_axe":7,"minecraft:crafting_table":5,"minecraft:magenta_bed":4,"minecraft:lingering_potion":1,"minecraft:oak_log":1,"minecraft:diamond_pickaxe":3,"minecraft:apple":1,"minecraft:oxeye_daisy":2,"minecraft:bread":1,"minecraft:iron_pickaxe":174,"minecraft:stone_axe":157,"minecraft:cobblestone":151,"minecraft:cooked_porkchop":14,"minecraft:porkchop":1,"minecraft:bone_meal":9},"minecraft:crafted":{"minecraft:cherry_planks":4,"minecraft:oak_door":3,"minecraft:magenta_wool":3,"minecraft:oak_planks":112,"minecraft:cooked_chicken":3,"minecraft:furnace":2,"minecraft:bone_meal":9,"minecraft:cooked_mutton":4,"minecraft:iron_boots":1,"minecraft:stone_pickaxe":3,"minecraft:magenta_dye":8,"minecraft:magenta_bed":1,"minecraft:diamond_sword":1,"minecraft:emerald":2,"minecraft:cooked_porkchop":15,"minecraft:diamond_axe":1,"minecraft:crafting_table":4,"minecraft:iron_sword":1,"minecraft:stone_axe":1,"minecraft:iron_chestplate":1,"minecraft:charcoal":5,"minecraft:diamond_pickaxe":1,"minecraft:shield":1,"minecraft:stick":100,"minecraft:iron_ingot":47,"minecraft:stone_sword":1,"minecraft:torch":24,"minecraft:diamond_chestplate":1},"minecraft:mined":{"minecraft:deepslate_diamond_ore":13,"minecraft:cherry_log":49,"minecraft:cherry_sapling":1,"minecraft:granite":37,"minecraft:allium":9,"minecraft:grass_block":25,"minecraft:oxeye_daisy":27,"minecraft:furnace":3,"minecraft:iron_ore":49,"minecraft:andesite":32,"minecraft:azure_bluet":1,"minecraft:red_tulip":1,"minecraft:deepslate_iron_ore":11,"minecraft:pink_tulip":10,"minecraft:stone":211,"minecraft:white_tulip":9,"minecraft:smithing_table":1,"minecraft:deepslate_redstone_ore":9,"minecraft:cherry_planks":4,"minecraft:dandelion":1,"minecraft:crafting_table":2,"minecraft:cornflower":1,"minecraft:short_grass":120,"minecraft:copper_ore":4,"minecraft:tall_grass":69,"minecraft:cobblestone":17,"minecraft:lapis_ore":5,"minecraft:oak_planks":3,"minecraft:diorite":8,"minecraft:wall_torch":1,"minecraft:deepslate_copper_ore":1,"minecraft:pink_petals":57,"minecraft:magenta_bed":4,"minecraft:orange_tulip":1,"minecraft:oak_log":35,"minecraft:coal_ore":81,"minecraft:cherry_leaves":54,"minecraft:dirt":32,"minecraft:gold_ore":1,"minecraft:oak_leaves":21,"minecraft:deepslate":19},"minecraft:dropped":{"minecraft:wheat_seeds":12,"minecraft:cooked_porkchop":5,"minecraft:orange_tulip":2,"minecraft:cobblestone":17,"minecraft:leather":4,"minecraft:granite":28,"minecraft:stick":1,"minecraft:dirt":2,"minecraft:diorite":8,"minecraft:mutton":1,"minecraft:string":2,"minecraft:oak_door":2,"minecraft:gravel":30,"minecraft:cooked_chicken":6,"minecraft:stone_sword":1,"minecraft:cherry_sapling":2,"minecraft:rotten_flesh":7,"minecraft:oak_planks":20,"minecraft:cooked_mutton":1,"minecraft:azure_bluet":1,"minecraft:andesite":31,"minecraft:oak_sapling":2,"minecraft:spider_eye":2,"minecraft:arrow":12,"minecraft:bow":1,"minecraft:stone_pickaxe":1,"minecraft:red_tulip":1}},"DataVersion":3953}